一   一,"一   一     one   イチ、イツ、ひと、ひと-つ ichi, itsu, hito, hito-tsu    Strokes: 1"
右   口,"右   口     right (direction)   ウ、ユウ、みぎ u, yū, migi    Strokes: 5"
雨   雨,"雨   雨     rain   ウ、あめ、（あま） u, ame, (ama)    Strokes: 8"
円   囗,"円   囗     round, yen   エン、まる-い en, maru-i    Strokes: 4"
王   玉,王   玉     king   オウ ō    Strokes: 4
音   音,"音   音     sound   オン、イン、おと、ね on, in, oto, ne    Strokes: 9"
下   一,"下   一     below   カ、ゲ、した、しも、もと、さ-げる、さ-がる、くだ-る、くだ-す、くだ-さる、お-ろす、お-りる ka, ge, shita, shimo, moto, sa-geru, sa-garu, kuda-ru, kuda-su, kuda-saru, o-rosu, o-riru    Strokes: 3"
火   火,"火   火     fire   カ、ひ、（ほ） ka, hi, (ho)    Strokes: 4"
花   艸,"花   艸     flower   カ、はな ka, hana    Strokes: 7"
貝   貝,貝   貝     shellfish   かい kai    Strokes: 7
学   子,"学   子     study   ガク、まな-ぶ gaku, mana-bu    Strokes: 8"
気   气,"気   气     feeling   キ、ケ ki, ke    Strokes: 6"
九   乙,"九   乙     nine   キュウ、ク、ここの、ここの-つ kyū, ku, kokono, kokono-tsu    Strokes: 2"
休   人,"休   人     rest   キュウ、やす-む、やす-まる、やす-める kyū, yasu-mu, yasu-maru, yasu-meru    Strokes: 6"
玉   玉,"玉   玉     ball   ギョク、たま gyoku, tama    Strokes: 5"
金   金,"金   金     gold   キン、コン、かね、（かな） kin, kon, kane, (kana)    Strokes: 8"
空   穴,"空   穴     sky   クウ、そら、あ-く、あ-ける、から kū, sora, a-ku, a-keru, kara    Strokes: 8"
月   月,"月   月     month, moon   ゲツ、ガツ、つき getsu, gatsu, tsuki    Strokes: 4"
犬   犬,"犬   犬     dog   ケン、いぬ ken, inu    Strokes: 4"
見   見,"見   見     see   ケン、み-る、み-える、み-せる ken, mi-ru, mi-eru, mi-seru    Strokes: 7"
五   二,"五   二     five   ゴ、いつ、いつ-つ go, itsu, itsu-tsu    Strokes: 4"
口   口,"口   口     mouth   コウ、ク、くち kō, ku, kuchi    Strokes: 3"
校   木,校   木     school   コウ kō    Strokes: 10
左   工,"左   工     left (direction)   サ、ひだり sa, hidari    Strokes: 5"
三   一,"三   一     three   サン、み、み-つ、みっ-つ san, mi, mi-tsu, mi'-tsu    Strokes: 3"
山   山,"山   山     mountain   サン、やま san, yama    Strokes: 3"
子   子,"子   子     child   シ、ス、こ shi, su, ko    Strokes: 3"
四   囗,"四   囗     four   シ、よ、よ-つ、よっ-つ、よん shi, yo, yo-tsu, yo'-tsu, yon    Strokes: 5"
糸   糸,"糸   糸     thread   シ、いと shi, ito    Strokes: 6"
字   子,"字   子     letter   ジ、あざ ji, aza    Strokes: 6"
耳   耳,"耳   耳     ear   ジ、みみ ji, mimi    Strokes: 6"
七   一,"七   一     seven   シチ、なな、なな-つ、（なの） shichi, nana, nana-tsu, (nano)    Strokes: 2"
車   車,"車   車     car   シャ、くるま sha, kuruma    Strokes: 7"
手   手,"手   手     hand   シュ、て、（た） shu, te, (ta)    Strokes: 4"
十   十,"十   十     ten   ジュウ、ジッ、とお、と jū, ji', too, to    Strokes: 2"
出   凵,"出   凵     exit   シュツ、（スイ）、で-る、だ-す shutsu, (sui), de-ru, da-su    Strokes: 5"
女   女,"女   女     woman   ジョ、ニョ、（ニョウ）、おんな、め jo, nyo, (nyō), onna, me    Strokes: 3"
小   小,"小   小     small   ショウ、ちい-さい、こ、お shō, chii-sai, ko, o    Strokes: 3"
上   一,"上   一     up   ジョウ、（ショウ）、うえ、（うわ）、かみ、あ-げる、あ-がる、のぼ-る、のぼ-せる、のぼ-す jō, (shō), ue, (uwa), kami, a-geru, a-garu, nobo-ru, nobo-seru, nobo-su    Strokes: 3"
森   木,"森   木     forest   シン、もり shin, mori    Strokes: 12"
人   人,"人   人     person   ジン、ニン、ひと jin, nin, hito    Strokes: 2"
水   水,"水   水     water   スイ、みず sui, mizu    Strokes: 4"
正   止,"正   止     correct   セイ、ショウ、ただ-しい、ただ-す、まさ sei, shō, tada-shii, tada-su, masa    Strokes: 5"
生   生,"生   生     life   セイ、ショウ、い-きる、い-かす、い-ける、う-まれる、う-む、お-う、は-える、は-やす、き、なま sei, shō, i-kiru, i-kasu, i-keru, u-mareru, u-mu, o-u, ha-eru, ha-yasu, ki, nama    Strokes: 5"
青   靑,"青   靑     blue   セイ、（ショウ）、あお、あお-い sei, (shō), ao, ao-i    Strokes: 8"
夕   夕,"夕   夕     evening   セキ、ゆう seki, yū    Strokes: 3"
石   石,"石   石     stone   セキ、（シャク）、（コク）、いし seki, (shaku), (koku), ishi    Strokes: 5"
赤   赤,"赤   赤     red   セキ、（シャク）、あか、あか-い、あか-らむ、あか-らめる seki, (shaku), aka, aka-i, aka-ramu, aka-rameru    Strokes: 7"
千   十,"千   十     thousand   セン、ち sen, chi    Strokes: 3"
川   巛,"川   巛     river   セン、かわ sen, kawa    Strokes: 3"
先   儿,"先   儿     previous   セン、さき sen, saki    Strokes: 6"
早   日,"早   日     early   ソウ、（サッ）、はや-い、はや-まる、はや-める sō, (sa'), haya-i, haya-maru, haya-meru    Strokes: 6"
草   艸,"草   艸     grass   ソウ、くさ sō, kusa    Strokes: 9"
足   足,"足   足     foot   ソク、あし、た-りる、た-る、た-す soku, ashi, ta-riru, ta-ru, ta-su    Strokes: 7"
村   木,"村   木     village   ソン、むら son, mura    Strokes: 7"
大   大,"大   大     large   ダイ、タイ、おお、おお-きい、おお-いに dai, tai, oo, oo-kii, oo-ini    Strokes: 3"
男   田,"男   田     male   ダン、ナン、おとこ dan, nan, otoko    Strokes: 7"
竹   竹,"竹   竹     bamboo   チク、たけ chiku, take    Strokes: 6"
中   丨,"中   丨     middle   チュウ、（ジュウ）、なか chū, (jū), naka    Strokes: 4"
虫   虫,"虫   虫     insect   チュウ、むし chū, mushi    Strokes: 6"
町   田,"町   田     town   チョウ、まち chō, machi    Strokes: 7"
天   大,"天   大     heaven   テン、あめ、（あま） ten, ame, (ama)    Strokes: 4"
田   田,"田   田     rice paddy   デン、た den, ta    Strokes: 5"
土   土,"土   土     soil   ド、ト、つち do, to, tsuchi    Strokes: 3"
二   二,"二   二     two   ニ、ふた、ふた-つ ni, futa, futa-tsu    Strokes: 2"
日   日,"日   日     day   ニチ、ジツ、ひ、か nichi, jitsu, hi, ka    Strokes: 4"
入   入,"入   入     enter   ニュウ、い-る、い-れる、はい-る nyū, i-ru, i-reru, hai-ru    Strokes: 2"
年   干,"年   干     year   ネン、とし nen, toshi    Strokes: 6"
白   白,"白   白     white   ハク、ビャク、しろ、（しら）、しろ-い haku, byaku, shiro, (shira), shiro-i    Strokes: 5"
八   八,"八   八     eight   ハチ、や、や-つ、やっ-つ、（よう） hachi, ya, ya-tsu, ya'-tsu, (yō)    Strokes: 2"
百   白,百   白     hundred   ヒャク hyaku    Strokes: 6
文   文,"文   文     writing   ブン、モン、ふみ bun, mon, fumi    Strokes: 4"
木   木,"木   木     tree   ボク、モク、き、（こ） boku, moku, ki, (ko)    Strokes: 4"
本   木,"本   木     book   ホン、もと hon, moto    Strokes: 5"
名   口,"名   口     name   メイ、ミョウ、な mei, myō, na    Strokes: 6"
目   目,"目   目     eye   モク、（ボク）、め、（ま） moku, (boku), me, (ma)    Strokes: 5"
立   立,"立   立     stand up   リツ、（リュウ）、た-つ、た-てる ritsu, (ryū), ta-tsu, ta-teru    Strokes: 5"
力   力,"力   力     power   リョク、リキ、ちから ryoku, riki, chikara    Strokes: 2"
林   木,"林   木     woods   リン、はやし rin, hayashi    Strokes: 8"
六   八,"六   八     six   ロク、む、む-つ、むっ-つ、（むい） roku, mu, mu-tsu, mu'-tsu, (mui)    Strokes: 4"
引   弓,"引   弓     pull   イン、ひ-く、ひ-ける in, hi-ku, hi-keru    Strokes: 4"
羽   羽,"羽   羽     feather   ウ、は、はね u, ha, hane    Strokes: 6"
雲   雨,"雲   雨     cloud   ウン、くも un, kumo    Strokes: 12"
園   囗,"園   囗     garden   エン、その en, sono    Strokes: 13"
遠   辵,"遠   辵     far   エン、（オン）、とお-い en, (on), too-i    Strokes: 13"
何   人,"何   人     what   カ、なに、（なん） ka, nani, (nan)    Strokes: 7"
科   禾,科   禾     section   カ ka    Strokes: 9
夏   夊,"夏   夊     summer   カ、（ゲ）、なつ ka, (ge), natsu    Strokes: 10"
家   宀,"家   宀     house   カ、ケ、いえ、や ka, ke, ie, ya    Strokes: 10"
歌   欠,"歌   欠     song   カ、うた、うた-う ka, uta, uta-u    Strokes: 14"
画   田,"画   田     tableau   ガ、カク ga, kaku    Strokes: 8"
回   囗,"回   囗     times   カイ、（エ）、まわ-る、まわ-す kai, (e), mawa-ru, mawa-su    Strokes: 6"
会   曰,"会   曰     association   カイ、エ、あ-う kai, e, a-u    Strokes: 6"
海   水,"海   水     sea   カイ、うみ kai, umi    Strokes: 9"
絵   糸,"絵   糸     picture   カイ、エ kai, e    Strokes: 12"
外   夕,"外   夕     outside   ガイ、ゲ、そと、ほか、はず-す、はず-れる gai, ge, soto, hoka, hazu-su, hazu-reru    Strokes: 5"
角   角,"角   角     angle   カク、かど、つの kaku, kado, tsuno    Strokes: 7"
楽   木,"楽   木     pleasure   ガク、ラク、たの-しい、たの-しむ gaku, raku, tano-shii, tano-shimu    Strokes: 13"
活   水,活   水     active   カツ katsu    Strokes: 9
間   門,"間   門     interval   カン、ケン、あいだ、ま kan, ken, aida, ma    Strokes: 12"
丸   丶,"丸   丶     circle   ガン、まる、まる-い、まる-める gan, maru, maru-i, maru-meru    Strokes: 3"
岩   山,"岩   山     boulder   ガン、いわ gan, iwa    Strokes: 8"
顔   頁,"顔   頁     face   ガン、かお gan, kao    Strokes: 18"
汽   水,汽   水     steam   キ ki    Strokes: 7
記   言,"記   言     write down   キ、しる-す ki, shiru-su    Strokes: 10"
帰   止,"帰   止     return   キ、かえ-る、かえ-す ki, kae-ru, kae-su    Strokes: 10"
弓   弓,"弓   弓     bow (archery, violin)   キュウ、ゆみ kyū, yumi    Strokes: 3"
牛   牛,"牛   牛     cow   ギュウ、うし gyū, ushi    Strokes: 4"
魚   魚,"魚   魚     fish   ギョ、うお、さかな gyo, uo, sakana    Strokes: 11"
京   亠,"京   亠     capital   キョウ、ケイ kyō, kei    Strokes: 8"
強   弓,"強   弓     strong   キョウ、ゴウ、つよ-い、つよ-まる、つよ-める、し-いる kyō, gō, tsuyo-i, tsuyo-maru, tsuyo-meru, shi-iru    Strokes: 11"
教   攴,"教   攴     teach   キョウ、おし-える、おそ-わる kyō, oshi-eru, oso-waru    Strokes: 11"
近   辵,"近   辵     near   キン、ちか-い kin, chika-i    Strokes: 7"
兄   儿,"兄   儿     older brother   ケイ、（キョウ）、あに kei, (kyō), ani    Strokes: 5"
形   彡,"形   彡     shape   ケイ、ギョウ、かた、かたち kei, gyō, kata, katachi    Strokes: 7"
計   言,"計   言     measure   ケイ、はか-る、はか-らう kei, haka-ru, haka-rau    Strokes: 9"
元   儿,"元   儿     origin   ゲン、ガン、もと gen, gan, moto    Strokes: 4"
言   言,"言   言     say   ゲン、ゴン、い-う、こと gen, gon, i-u, koto    Strokes: 7"
原   厂,"原   厂     field   ゲン、はら gen, hara    Strokes: 10"
戸   戶,"戸   戶     door   コ、と ko, to    Strokes: 4"
古   口,"古   口     old   コ、ふる-い、ふる-す ko, furu-i, furu-su    Strokes: 5"
午   十,午   十     noon   ゴ go    Strokes: 4
後   彳,"後   彳     behind   ゴ、コウ、のち、うし-ろ、あと、おく-れる go, kō, nochi, ushi-ro, ato, oku-reru    Strokes: 9"
語   言,"語   言     language   ゴ、かた-る、かた-らう go, kata-ru, kata-rau    Strokes: 14"
工   工,"工   工     craft   コウ、ク kō, ku    Strokes: 3"
公   八,"公   八     public   コウ、おおやけ kō, ooyake    Strokes: 4"
広   广,"広   广     wide   コウ、ひろ-い、ひろ-まる、ひろ-める、ひろ-がる、ひろ-げる kō, hiro-i, hiro-maru, hiro-meru, hiro-garu, hiro-geru    Strokes: 5"
交   亠,"交   亠     mix   コウ、まじ-わる、まじ-える、ま-じる、ま-ざる、ま-ぜる、か-う、か-わす kō, maji-waru, maji-eru, ma-jiru, ma-zaru, ma-zeru, ka-u, ka-wasu    Strokes: 6"
光   儿,"光   儿     ray   コウ、ひか-る、ひかり kō, hika-ru, hikari    Strokes: 6"
考   老,"考   老     think   コウ、かんが-える kō, kanga-eru    Strokes: 6"
行   行,"行   行     go   コウ、ギョウ、（アン）、い-く、ゆ-く、おこな-う kō, gyō, (an), i-ku, yu-ku, okona-u    Strokes: 6"
高   高,"高   高     tall, expensive   コウ、たか-い、たか、たか-まる、たか-める kō, taka-i, taka, taka-maru, taka-meru    Strokes: 10"
黄   黃,"黄   黃     yellow   コウ、オウ、き、（こ） kō, ō, ki, (ko)    Strokes: 11"
合   口,"合   口     fit   ゴウ、ガッ、（カッ）、あ-う、あ-わす、あ-わせる gō, ga', (ka'), a-u, a-wasu, a-waseru    Strokes: 6"
谷   谷,"谷   谷     valley   コク、たに koku, tani    Strokes: 7"
国   囗,"国   囗     country   コク、くに koku, kuni    Strokes: 8"
黒   黑,"黒   黑     black   コク、くろ、くろ-い koku, kuro, kuro-i    Strokes: 11"
今   人,"今   人     now   コン、キン、いま kon, kin, ima    Strokes: 4"
才   手,才   手     genius   サイ sai    Strokes: 3
細   糸,"細   糸     thin   サイ、ほそ-い、ほそ-る、こま-か、こま-かい sai, hoso-i, hoso-ru, koma-ka, koma-kai    Strokes: 11"
作   人,"作   人     make   サク、サ、つく-る saku, sa, tsuku-ru    Strokes: 7"
算   竹,算   竹     calculate   サン san    Strokes: 14
止   止,"止   止     stop   シ、と-まる、と-める shi, to-maru, to-meru    Strokes: 4"
市   巾,"市   巾     market   シ、いち shi, ichi    Strokes: 5"
矢   矢,"矢   矢     arrow   シ、や shi, ya    Strokes: 5"
姉   女,"姉   女     older sister   シ、あね shi, ane    Strokes: 8"
思   心,"思   心     think   シ、おも-う shi, omo-u    Strokes: 9"
紙   糸,"紙   糸     paper   シ、かみ shi, kami    Strokes: 10"
寺   寸,"寺   寸     Buddhist temple   ジ、てら ji, tera    Strokes: 6"
自   自,"自   自     oneself   ジ、シ、みずか-ら ji, shi, mizuka-ra    Strokes: 6"
時   日,"時   日     time   ジ、とき ji, toki    Strokes: 10"
室   宀,"室   宀     room   シツ、むろ shitsu, muro    Strokes: 9"
社   示,"社   示     company   シャ、やしろ sha, yashiro    Strokes: 7"
弱   弓,"弱   弓     weak   ジャク、よわ-い、よわ-る、よわ-まる、よわ-める jaku, yowa-i, yowa-ru, yowa-maru, yowa-meru    Strokes: 10"
首   首,"首   首     neck   シュ、くび shu, kubi    Strokes: 9"
秋   禾,"秋   禾     autumn   シュウ、あき shū, aki    Strokes: 9"
週   辵,週   辵     week   シュウ shū    Strokes: 11
春   日,"春   日     springtime   シュン、はる shun, haru    Strokes: 9"
書   曰,"書   曰     write   ショ、か-く sho, ka-ku    Strokes: 10"
少   小,"少   小     few   ショウ、すく-ない、すこ-し shō, suku-nai, suko-shi    Strokes: 4"
場   土,"場   土     place   ジョウ、ば jō, ba    Strokes: 12"
色   色,"色   色     color   ショク、シキ、いろ shoku, shiki, iro    Strokes: 6"
食   食,"食   食     eat, meal   ショク、（ジキ）、く-う、く-らう、た-べる shoku, (jiki), ku-u, ku-rau, ta-beru    Strokes: 9"
心   心,"心   心     heart   シン、こころ shin, kokoro    Strokes: 4"
新   斤,"新   斤     new   シン、あたら-しい、あら-た、にい shin, atara-shii, ara-ta, nii    Strokes: 13"
親   見,"親   見     parent   シン、おや、した-しい、した-しむ shin, oya, shita-shii, shita-shimu    Strokes: 16"
図   囗,"図   囗     diagram   ズ、ト、はか-る zu, to, haka-ru    Strokes: 7"
数   攴,"数   攴     number   スウ、（ス）、かず、かぞ-える sū, (su), kazu, kazo-eru    Strokes: 13"
西   襾,"西   襾     west   セイ、サイ、にし sei, sai, nishi    Strokes: 6"
声   耳,"声   耳     voice   セイ、（ショウ）、こえ、（こわ） sei, (shō), koe, (kowa)    Strokes: 7"
星   日,"星   日     star   セイ、（ショウ）、ほし sei, (shō), hoshi    Strokes: 9"
晴   日,"晴   日     clear up   セイ、は-れる、は-らす sei, ha-reru, ha-rasu    Strokes: 12"
切   刀,"切   刀     cut   セツ、（サイ）、き-る、き-れる setsu, (sai), ki-ru, ki-reru    Strokes: 4"
雪   雨,"雪   雨     snow   セツ、ゆき setsu, yuki    Strokes: 11"
船   舟,"船   舟     boat   セン、ふね、（ふな） sen, fune, (funa)    Strokes: 11"
線   糸,線   糸     line   セン sen    Strokes: 15
前   刀,"前   刀     in front   ゼン、まえ zen, mae    Strokes: 9"
組   糸,"組   糸     association   ソ、く-む、くみ so, ku-mu, kumi    Strokes: 11"
走   走,"走   走     run   ソウ、はし-る sō, hashi-ru    Strokes: 7"
多   夕,"多   夕     many   タ、おお-い ta, oo-i    Strokes: 6"
太   大,"太   大     thick   タイ、タ、ふと-い、ふと-る tai, ta, futo-i, futo-ru    Strokes: 4"
体   骨,"体   骨     body   タイ、テイ、からだ tai, tei, karada    Strokes: 7"
台   至,"台   至     pedestal   ダイ、タイ dai, tai    Strokes: 5"
地   土,"地   土     ground   チ、ジ chi, ji    Strokes: 6"
池   水,"池   水     pond   チ、いけ chi, ike    Strokes: 6"
知   矢,"知   矢     know   チ、し-る chi, shi-ru    Strokes: 8"
茶   艸,"茶   艸     tea   チャ、サ cha, sa    Strokes: 9"
昼   日,"昼   日     daytime   チュウ、ひる chū, hiru    Strokes: 9"
長   長,"長   長     long   チョウ、なが-い chō, naga-i    Strokes: 8"
鳥   鳥,"鳥   鳥     bird   チョウ、とり chō, tori    Strokes: 11"
朝   月,"朝   月     morning   チョウ、あさ chō, asa    Strokes: 12"
直   目,"直   目     straight   チョク、ジキ、ただ-ちに、なお-す、なお-る choku, jiki, tada-chini, nao-su, nao-ru    Strokes: 8"
通   辵,"通   辵     pass through   ツウ、（ツ）、とお-る、とお-す、かよ-う tsū, (tsu), too-ru, too-su, kayo-u    Strokes: 10"
弟   弓,"弟   弓     younger brother   テイ、（ダイ）、（デ）、おとうと tei, (dai), (de), otōto    Strokes: 7"
店   广,"店   广     shop   テン、みせ ten, mise    Strokes: 8"
点   黑,点   黑     point   テン ten    Strokes: 9
電   雨,電   雨     electricity   デン den    Strokes: 13
刀   刀,"刀   刀     sword   トウ、かたな tō, katana    Strokes: 2"
冬   冫,"冬   冫     winter   トウ、ふゆ tō, fuyu    Strokes: 5"
当   田,"当   田     hit   トウ、あ-たる、あ-てる tō, a-taru, a-teru    Strokes: 6"
東   木,"東   木     east   トウ、ひがし tō, higashi    Strokes: 8"
答   竹,"答   竹     answer   トウ、こた-える、こた-え tō, kota-eru, kota-e    Strokes: 12"
頭   頁,"頭   頁     head   トウ、ズ、（ト）、あたま、かしら tō, zu, (to), atama, kashira    Strokes: 16"
同   口,"同   口     same   ドウ、おな-じ dō, ona-ji    Strokes: 6"
道   辵,"道   辵     road   ドウ、（トウ）、みち dō, (tō), michi    Strokes: 12"
読   言,"読   言     read   ドク、トク、（トウ）、よ-む doku, toku, (tō), yo-mu    Strokes: 14"
内   入,"内   入     inside   ナイ、（ダイ）、うち nai, (dai), uchi    Strokes: 4"
南   十,"南   十     south   ナン、（ナ）、みなみ nan, (na), minami    Strokes: 9"
肉   肉,肉   肉     meat   ニク niku    Strokes: 6
馬   馬,"馬   馬     horse   バ、うま、（ま） ba, uma, (ma)    Strokes: 10"
売   貝,"売   貝     sell   バイ、う-る、う-れる bai, u-ru, u-reru    Strokes: 7"
買   貝,"買   貝     buy   バイ、か-う bai, ka-u    Strokes: 12"
麦   麥,"麦   麥     wheat   バク、むぎ baku, mugi    Strokes: 7"
半   十,"半   十     half   ハン、なか-ば han, naka-ba    Strokes: 5"
番   田,番   田     one's turn   バン ban    Strokes: 12
父   父,"父   父     father   フ、ちち fu, chichi    Strokes: 4"
風   風,"風   風     wind   フウ、（フ）、かぜ、（かざ） fū, (fu), kaze, (kaza)    Strokes: 9"
分   刀,"分   刀     part, minute of time   ブン、フン、ブ、わ-ける、わ-かれる、わ-かる、わ-かつ bun, fun, bu, wa-keru, wa-kareru, wa-karu, wa-katsu    Strokes: 4"
聞   耳,"聞   耳     hear   ブン、モン、き-く、き-こえる bun, mon, ki-ku, ki-koeru    Strokes: 14"
米   米,"米   米     rice   ベイ、マイ、こめ bei, mai, kome    Strokes: 6"
歩   止,"歩   止     walk   ホ、ブ、（フ）、ある-く、あゆ-む ho, bu, (fu), aru-ku, ayu-mu    Strokes: 8"
母   毋,"母   毋     mother   ボ、はは bo, haha    Strokes: 5"
方   方,"方   方     direction   ホウ、かた hō, kata    Strokes: 4"
北   匕,"北   匕     north   ホク、きた hoku, kita    Strokes: 5"
毎   毋,毎   毋     every   マイ mai    Strokes: 6
妹   女,"妹   女     younger sister   マイ、いもうと mai, imōto    Strokes: 8"
万   艸,"万   艸     ten thousand   マン、バン man, ban    Strokes: 3"
明   日,"明   日     bright   メイ、ミョウ、あ-かり、あか-るい、あか-るむ、あか-らむ、あき-らか、あ-ける、あ-く、あ-くる、あ-かす mei, myō, a-kari, aka-rui, aka-rumu, aka-ramu, aki-raka, a-keru, a-ku, a-kuru, a-kasu    Strokes: 8"
鳴   鳥,"鳴   鳥     chirp   メイ、な-く、な-る、な-らす mei, na-ku, na-ru, na-rasu    Strokes: 14"
毛   毛,"毛   毛     hair   モウ、け mō, ke    Strokes: 4"
門   門,"門   門     gates   モン、かど mon, kado    Strokes: 8"
夜   夕,"夜   夕     night   ヤ、よ、よる ya, yo, yoru    Strokes: 8"
野   里,"野   里     field   ヤ、の ya, no    Strokes: 11"
友   又,"友   又     friend   ユウ、とも yū, tomo    Strokes: 4"
用   用,"用   用     use   ヨウ、もち-いる yō, mochi-iru    Strokes: 5"
曜   日,曜   日     day of the week   ヨウ yō    Strokes: 18
来   人,"来   人     come   ライ、く-る、きた-る、きた-す rai, ku-ru, kita-ru, kita-su    Strokes: 7"
里   里,"里   里     village   リ、さと ri, sato    Strokes: 7"
理   玉,理   玉     reason   リ ri    Strokes: 11
話   言,"話   言     talk   ワ、はな-す、はなし wa, hana-su, hanashi    Strokes: 13"
悪   心,"悪   心     bad   アク、オ、わる-い aku, o, waru-i    Strokes: 11"
安   宀,"安   宀     cheap   アン、やす-い an, yasu-i    Strokes: 6"
暗   日,"暗   日     dark   アン、くら-い an, kura-i    Strokes: 13"
医   酉,医   酉     medicine   イ i    Strokes: 7
委   女,"委   女     committee   イ、ゆだ-ねる i, yuda-neru    Strokes: 8"
意   心,意   心     idea   イ i    Strokes: 13
育   肉,"育   肉     nurture   イク、そだ-つ、そだ-てる、はぐく-む iku, soda-tsu, soda-teru, haguku-mu    Strokes: 8"
員   口,員   口     member   イン in    Strokes: 10
院   阜,院   阜     institution   イン in    Strokes: 10
飲   食,"飲   食     drink   イン、の-む in, no-mu    Strokes: 12"
運   辵,"運   辵     carry   ウン、はこ-ぶ un, hako-bu    Strokes: 12"
泳   水,"泳   水     swim   エイ、およ-ぐ ei, oyo-gu    Strokes: 8"
駅   馬,駅   馬     station   エキ eki    Strokes: 14
央   大,央   大     center   オウ ō    Strokes: 5
横   木,"横   木     side   オウ、よこ ō, yoko    Strokes: 15"
屋   尸,"屋   尸     roof   オク、や oku, ya    Strokes: 9"
温   水,"温   水     warm   オン、あたた-か、あたた-かい、あたた-まる、あたた-める on, atata-ka, atata-kai, atata-maru, atata-meru    Strokes: 12"
化   匕,"化   匕     change   カ、ケ、ば-ける、ば-かす ka, ke, ba-keru, ba-kasu    Strokes: 4"
荷   艸,"荷   艸     luggage   カ、に ka, ni    Strokes: 10"
界   田,界   田     world   カイ kai    Strokes: 9
開   門,"開   門     open   カイ、ひら-く、ひら-ける、あ-く、あ-ける kai, hira-ku, hira-keru, a-ku, a-keru    Strokes: 12"
階   阜,階   阜     floor of a building   カイ kai    Strokes: 12
寒   宀,"寒   宀     cold   カン、さむ-い kan, samu-i    Strokes: 12"
感   心,感   心     feeling   カン kan    Strokes: 13
漢   水,漢   水     China   カン kan    Strokes: 13
館   食,"館   食     public building   カン、やかた kan, yakata    Strokes: 16"
岸   山,"岸   山     beach   ガン、きし gan, kishi    Strokes: 8"
起   走,"起   走     wake up   キ、お-きる、お-こる、お-こす ki, o-kiru, o-koru, o-kosu    Strokes: 10"
期   月,"期   月     period of time   キ、（ゴ） ki, (go)    Strokes: 12"
客   宀,"客   宀     guest   キャク、カク kyaku, kaku    Strokes: 9"
究   穴,"究   穴     research   キュウ、きわ-める kyū, kiwa-meru    Strokes: 7"
急   心,"急   心     hurry   キュウ、いそ-ぐ kyū, iso-gu    Strokes: 9"
級   糸,級   糸     rank   キュウ kyū    Strokes: 9
宮   宀,"宮   宀     Shinto shrine   キュウ、グウ、（ク）、みや kyū, gū, (ku), miya    Strokes: 10"
球   玉,"球   玉     sphere   キュウ、たま kyū, tama    Strokes: 11"
去   厶,"去   厶     leave   キョ、コ、さ-る kyo, ko, sa-ru    Strokes: 5"
橋   木,"橋   木     bridge   キョウ、はし kyō, hashi    Strokes: 16"
業   木,"業   木     business   ギョウ、ゴウ、わざ gyō, gō, waza    Strokes: 13"
曲   曰,"曲   曰     musical composition   キョク、ま-がる、ま-げる kyoku, ma-garu, ma-geru    Strokes: 6"
局   尸,局   尸     office   キョク kyoku    Strokes: 7
銀   金,銀   金     silver   ギン gin    Strokes: 14
区   匸,区   匸     ward   ク ku    Strokes: 4
苦   艸,"苦   艸     suffer   ク、くる-しい、くる-しむ、くる-しめる、にが-い、にが-る ku, kuru-shii, kuru-shimu, kuru-shimeru, niga-i, niga-ru    Strokes: 8"
具   八,具   八     tool   グ gu    Strokes: 8
君   口,"君   口     you   クン、きみ kun, kimi    Strokes: 7"
係   人,"係   人     person in charge   ケイ、かか-る、かかり kei, kaka-ru, kakari    Strokes: 9"
軽   車,"軽   車     light   ケイ、かる-い、かろ-やか kei, karu-i, karo-yaka    Strokes: 12"
血   血,"血   血     blood   ケツ、ち ketsu, chi    Strokes: 6"
決   水,"決   水     decide   ケツ、き-める、き-まる ketsu, ki-meru, ki-maru    Strokes: 7"
研   石,"研   石     sharpen   ケン、と-ぐ ken, to-gu    Strokes: 9"
県   糸,県   糸     prefecture   ケン ken    Strokes: 9
庫   广,"庫   广     warehouse   コ、（ク） ko, (ku)    Strokes: 10"
湖   水,"湖   水     lake   コ、みずうみ ko, mizūmi    Strokes: 12"
向   口,"向   口     over there   コウ、む-く、む-ける、む-かう、む-こう kō, mu-ku, mu-keru, mu-kau, mu-kō    Strokes: 6"
幸   干,"幸   干     happiness   コウ、さいわ-い、さち、しあわ-せ kō, saiwa-i, sachi, shiawa-se    Strokes: 8"
港   水,"港   水     harbor   コウ、みなと kō, minato    Strokes: 12"
号   虍,号   虍     number   ゴウ gō    Strokes: 5
根   木,"根   木     root   コン、ね kon, ne    Strokes: 10"
祭   示,"祭   示     festival   サイ、まつ-る、まつ-り sai, matsu-ru, matsu-ri    Strokes: 11"
皿   皿,皿   皿     dish   さら sara    Strokes: 5
仕   人,"仕   人     do   シ、（ジ）、つか-える shi, (ji), tsuka-eru    Strokes: 5"
死   歹,"死   歹     death   シ、し-ぬ shi, shi-nu    Strokes: 6"
使   人,"使   人     use   シ、つか-う shi, tsuka-u    Strokes: 8"
始   女,"始   女     begin   シ、はじ-める、はじ-まる shi, haji-meru, haji-maru    Strokes: 8"
指   手,"指   手     finger   シ、ゆび、さ-す shi, yubi, sa-su    Strokes: 9"
歯   齒,"歯   齒     tooth   シ、は shi, ha    Strokes: 12"
詩   言,詩   言     poem   シ shi    Strokes: 13
次   欠,"次   欠     next   ジ、シ、つ-ぐ、つぎ ji, shi, tsu-gu, tsugi    Strokes: 6"
事   亅,"事   亅     abstract thing   ジ、（ズ）、こと ji, (zu), koto    Strokes: 8"
持   手,"持   手     hold   ジ、も-つ ji, mo-tsu    Strokes: 9"
式   弋,式   弋     style   シキ shiki    Strokes: 6
実   宀,"実   宀     truth   ジツ、み、みの-る jitsu, mi, mino-ru    Strokes: 8"
写   宀,"写   宀     copy   シャ、うつ-す、うつ-る sha, utsu-su, utsu-ru    Strokes: 5"
者   老,"者   老     someone   シャ、もの sha, mono    Strokes: 8"
主   丶,"主   丶     master   シュ、（ス）、ぬし、おも shu, (su), nushi, omo    Strokes: 5"
守   宀,"守   宀     protect   シュ、（ス）、まも-る、も-り shu, (su), mamo-ru, mo-ri    Strokes: 6"
取   又,"取   又     take   シュ、と-る shu, to-ru    Strokes: 8"
酒   酉,"酒   酉     alcoholic drink   シュ、さけ、（さか） shu, sake, (saka)    Strokes: 10"
受   又,"受   又     accept   ジュ、う-ける、う-かる ju, u-keru, u-karu    Strokes: 8"
州   巛,"州   巛     state   シュウ、す shū, su    Strokes: 6"
拾   手,"拾   手     pick up   シュウ、ジュウ、ひろ-う shū, jū, hiro-u    Strokes: 9"
終   糸,"終   糸     end   シュウ、お-わる、お-える shū, o-waru, o-eru    Strokes: 11"
習   羽,"習   羽     learn   シュウ、なら-う shū, nara-u    Strokes: 11"
集   隹,"集   隹     collect   シュウ、あつ-まる、あつ-める、つど-う shū, atsu-maru, atsu-meru, tsudo-u    Strokes: 12"
住   人,"住   人     dwelling   ジュウ、す-む、す-まう jū, su-mu, su-mau    Strokes: 7"
重   里,"重   里     heavy   ジュウ、チョウ、え、おも-い、かさ-ねる、かさ-なる jū, chō, e, omo-i, kasa-neru, kasa-naru    Strokes: 9"
宿   宀,"宿   宀     inn   シュク、やど、やど-る、やど-す shuku, yado, yado-ru, yado-su    Strokes: 11"
所   戶,"所   戶     place   ショ、ところ sho, tokoro    Strokes: 8"
暑   日,"暑   日     hot   ショ、あつ-い sho, atsu-i    Strokes: 12"
助   力,"助   力     help   ジョ、たす-ける、たす-かる、すけ jo, tasu-keru, tasu-karu, suke    Strokes: 7"
昭   日,昭   日     shining   ショウ shō    Strokes: 9
消   水,"消   水     extinguish   ショウ、き-える、け-す shō, ki-eru, ke-su    Strokes: 10"
商   口,"商   口     sell   ショウ、あきな-う shō, akina-u    Strokes: 11"
章   立,章   立     chapter   ショウ shō    Strokes: 11
勝   力,"勝   力     win   ショウ、か-つ、まさ-る shō, ka-tsu, masa-ru    Strokes: 12"
乗   丿,"乗   丿     ride   ジョウ、の-る、の-せる jō, no-ru, no-seru    Strokes: 9"
植   木,"植   木     plant   ショク、う-える、う-わる shoku, u-eru, u-waru    Strokes: 12"
申   田,"申   田     say   シン、もう-す shin, mō-su    Strokes: 5"
身   身,"身   身     body   シン、み shin, mi    Strokes: 7"
神   示,"神   示     god   シン、ジン、かみ、（かん）、（こう） shin, jin, kami, (kan), (kō)    Strokes: 9"
真   目,"真   目     TRUE   シン、ま shin, ma    Strokes: 10"
深   水,"深   水     deep   シン、ふか-い、ふか-まる、ふか-める shin, fuka-i, fuka-maru, fuka-meru    Strokes: 11"
進   辵,"進   辵     advance   シン、すす-む、すす-める shin, susu-mu, susu-meru    Strokes: 11"
世   一,"世   一     world   セイ、セ、よ sei, se, yo    Strokes: 5"
整   攴,"整   攴     put in order   セイ、ととの-える、ととの-う sei, totono-eru, totono-u    Strokes: 16"
昔   日,"昔   日     long ago   セキ、（シャク）、むかし seki, (shaku), mukashi    Strokes: 8"
全   入,"全   入     whole   ゼン、まった-く、すべ-て zen, matta-ku, sube-te    Strokes: 6"
相   目,"相   目     mutual   ソウ、ショウ、あい sō, shō, ai    Strokes: 9"
送   辵,"送   辵     send   ソウ、おく-る sō, oku-ru    Strokes: 9"
想   心,"想   心     concept   ソウ、（ソ） sō, (so)    Strokes: 13"
息   心,"息   心     breath   ソク、いき soku, iki    Strokes: 10"
速   辵,"速   辵     fast   ソク、はや-い、はや-める、はや-まる、すみ-やか soku, haya-i, haya-meru, haya-maru, sumi-yaka    Strokes: 10"
族   方,族   方     tribe   ゾク zoku    Strokes: 11
他   人,"他   人     other   タ、ほか ta, hoka    Strokes: 5"
打   手,"打   手     hit   ダ、う-つ da, u-tsu    Strokes: 5"
対   寸,"対   寸     opposite   タイ、ツイ tai, tsui    Strokes: 7"
待   彳,"待   彳     wait   タイ、ま-つ tai, ma-tsu    Strokes: 9"
代   人,"代   人     substitute   ダイ、タイ、か-わる、か-える、よ、しろ dai, tai, ka-waru, ka-eru, yo, shiro    Strokes: 5"
第   竹,第   竹     ordinal number prefix   ダイ dai    Strokes: 11
題   頁,題   頁     topic   ダイ dai    Strokes: 18
炭   火,"炭   火     charcoal   タン、すみ tan, sumi    Strokes: 9"
短   矢,"短   矢     short   タン、みじか-い tan, mijika-i    Strokes: 12"
談   言,談   言     discuss   ダン dan    Strokes: 15
着   羊,"着   羊     wear   チャク、（ジャク）、き-る、き-せる、つ-く、つ-ける chaku, (jaku), ki-ru, ki-seru, tsu-ku, tsu-keru    Strokes: 12"
注   水,"注   水     pour   チュウ、そそ-ぐ chū, soso-gu    Strokes: 8"
柱   木,"柱   木     pillar   チュウ、はしら chū, hashira    Strokes: 9"
丁   一,"丁   一     ward   チョウ、テイ chō, tei    Strokes: 2"
帳   巾,帳   巾     account book   チョウ chō    Strokes: 11
調   言,"調   言     investigate   チョウ、しら-べる、ととの-う、ととの-える chō, shira-beru, totono-u, totono-eru    Strokes: 15"
追   辵,"追   辵     follow   ツイ、お-う tsui, o-u    Strokes: 9"
定   宀,"定   宀     decide   テイ、ジョウ、さだ-める、さだ-まる、さだ-か tei, jō, sada-meru, sada-maru, sada-ka    Strokes: 8"
庭   广,"庭   广     garden   テイ、にわ tei, niwa    Strokes: 10"
笛   竹,"笛   竹     flute   テキ、ふえ teki, fue    Strokes: 11"
鉄   金,鉄   金     iron   テツ tetsu    Strokes: 13
転   車,"転   車     revolve   テン、ころ-がる、ころ-げる、ころ-がす、ころ-ぶ ten, koro-garu, koro-geru, koro-gasu, koro-bu    Strokes: 11"
都   邑,"都   邑     metropolis   ト、ツ、みやこ to, tsu, miyako    Strokes: 11"
度   广,"度   广     degrees   ド、（ト）、（タク）、たび do, (to), (taku), tabi    Strokes: 9"
投   手,"投   手     throw   トウ、な-げる tō, na-geru    Strokes: 7"
豆   豆,"豆   豆     beans   トウ、（ズ）、まめ tō, (zu), mame    Strokes: 7"
島   山,"島   山     island   トウ、しま tō, shima    Strokes: 10"
湯   水,"湯   水     hot water   トウ、ゆ tō, yu    Strokes: 12"
登   癶,"登   癶     climb   トウ、ト、のぼ-る tō, to, nobo-ru    Strokes: 12"
等   竹,"等   竹     class   トウ、ひと-しい tō, hito-shii    Strokes: 12"
動   力,"動   力     move   ドウ、うご-く、うご-かす dō, ugo-ku, ugo-kasu    Strokes: 11"
童   立,"童   立     juvenile   ドウ、わらべ dō, warabe    Strokes: 12"
農   辰,農   辰     farming   ノウ nō    Strokes: 13
波   水,"波   水     wave   ハ、なみ ha, nami    Strokes: 8"
配   酉,"配   酉     distribute   ハイ、くば-る hai, kuba-ru    Strokes: 10"
倍   人,倍   人     double   バイ bai    Strokes: 10
箱   竹,箱   竹     box   はこ hako    Strokes: 15
畑   田,"畑   田     farm   はた、はたけ hata, hatake    Strokes: 9"
発   癶,"発   癶     departure   ハツ、ホツ hatsu, hotsu    Strokes: 9"
反   又,"反   又     anti-   ハン、（ホン）、（タン）、そ-る、そ-らす han, (hon), (tan), so-ru, so-rasu    Strokes: 4"
坂   土,"坂   土     slope   ハン、さか han, saka    Strokes: 7"
板   木,"板   木     board   ハン、バン、いた han, ban, ita    Strokes: 8"
皮   皮,"皮   皮     skin   ヒ、かわ hi, kawa    Strokes: 5"
悲   心,"悲   心     sad   ヒ、かな-しい、かな-しむ hi, kana-shii, kana-shimu    Strokes: 12"
美   羊,"美   羊     beauty   ビ、うつく-しい bi, utsuku-shii    Strokes: 9"
鼻   鼻,"鼻   鼻     nose   ビ、はな bi, hana    Strokes: 14"
筆   竹,"筆   竹     writing brush   ヒツ、ふで hitsu, fude    Strokes: 12"
氷   水,"氷   水     ice   ヒョウ、こおり、ひ hyō, koori, hi    Strokes: 5"
表   衣,"表   衣     express   ヒョウ、おもて、あらわ-す、あらわ-れる hyō, omote, arawa-su, arawa-reru    Strokes: 8"
秒   禾,秒   禾     second (part of time)   ビョウ byō    Strokes: 9
病   疒,"病   疒     sick   ビョウ、（ヘイ）、や-む、やまい byō, (hei), ya-mu, yamai    Strokes: 10"
品   口,"品   口     article   ヒン、しな hin, shina    Strokes: 9"
負   貝,"負   貝     lose   フ、ま-ける、ま-かす、お-う fu, ma-keru, ma-kasu, o-u    Strokes: 9"
部   邑,部   邑     part   ブ bu    Strokes: 11
服   月,服   月     clothes   フク fuku    Strokes: 8
福   示,福   示     luck   フク fuku    Strokes: 13
物   牛,"物   牛     thing   ブツ、モツ、もの butsu, motsu, mono    Strokes: 8"
平   干,"平   干     flat   ヘイ、ビョウ、たい-ら、ひら hei, byō, tai-ra, hira    Strokes: 5"
返   辵,"返   辵     return   ヘン、かえ-す、かえ-る hen, kae-su, kae-ru    Strokes: 7"
勉   力,勉   力     exertion   ベン ben    Strokes: 10
放   攴,"放   攴     release   ホウ、はな-す、はな-つ、はな-れる、ほう-る hō, hana-su, hana-tsu, hana-reru, hō-ru    Strokes: 8"
味   口,"味   口     flavor   ミ、あじ、あじ-わう mi, aji, aji-wau    Strokes: 8"
命   口,"命   口     fate   メイ、ミョウ、いのち mei, myō, inochi    Strokes: 8"
面   面,"面   面     face   メン、おも、おもて、つら men, omo, omote, tsura    Strokes: 9"
問   口,"問   口     question   モン、と-う、と-い、（とん） mon, to-u, to-i, (ton)    Strokes: 11"
役   彳,"役   彳     service   ヤク、エキ yaku, eki    Strokes: 7"
薬   艸,"薬   艸     medicine   ヤク、くすり yaku, kusuri    Strokes: 16"
由   田,"由   田     reason   ユ、ユウ、（ユイ）、よし yu, yū, (yui), yoshi    Strokes: 5"
油   水,"油   水     oil   ユ、あぶら yu, abura    Strokes: 8"
有   月,"有   月     have   ユウ、ウ、あ-る yū, u, a-ru    Strokes: 6"
遊   辵,"遊   辵     play   ユウ、（ユ）、あそ-ぶ yū, (yu), aso-bu    Strokes: 12"
予   豕,予   豕     in advance   ヨ yo    Strokes: 4
羊   羊,"羊   羊     sheep   ヨウ、ひつじ yō, hitsuji    Strokes: 6"
洋   水,洋   水     ocean   ヨウ yō    Strokes: 9
葉   艸,"葉   艸     leaf   ヨウ、は yō, ha    Strokes: 12"
陽   阜,陽   阜     sunshine   ヨウ yō    Strokes: 12
様   木,"様   木     formal title   ヨウ、さま yō, sama    Strokes: 14"
落   艸,"落   艸     fall   ラク、お-ちる、お-とす raku, o-chiru, o-tosu    Strokes: 12"
流   水,"流   水     stream   リュウ、（ル）、なが-れる、なが-す ryū, (ru), naga-reru, naga-su    Strokes: 10"
旅   方,"旅   方     trip   リョ、たび ryo, tabi    Strokes: 10"
両   入,両   入     both   リョウ ryō    Strokes: 6
緑   糸,"緑   糸     green   リョク、（ロク）、みどり ryoku, (roku), midori    Strokes: 14"
礼   示,"礼   示     thanks   レイ、ライ rei, rai    Strokes: 5"
列   刀,列   刀     row   レツ retsu    Strokes: 6
練   糸,"練   糸     practice   レン、ね-る ren, ne-ru    Strokes: 14"
路   足,"路   足     road   ロ、じ ro, ji    Strokes: 13"
和   口,"和   口     peace   ワ、（オ）、やわ-らぐ、やわ-らげる、なご-む、なご-やか wa, (o), yawa-ragu, yawa-rageru, nago-mu, nago-yaka    Strokes: 8"
愛   心,愛   心     love   アイ ai    Strokes: 13
案   木,案   木     plan   アン an    Strokes: 10
以   人,以   人     by means of   イ i    Strokes: 5
衣   衣,"衣   衣     clothes   イ、ころも i, koromo    Strokes: 6"
位   人,"位   人     rank   イ、くらい i, kurai    Strokes: 7"
囲   囗,"囲   囗     surround   イ、かこ-む、かこ-う i, kako-mu, kako-u    Strokes: 7"
胃   肉,胃   肉     stomach   イ i    Strokes: 9
印   卩,"印   卩     mark   イン、しるし in, shirushi    Strokes: 6"
英   艸,英   艸     England   エイ ei    Strokes: 8
栄   木,"栄   木     prosperity   エイ、さか-える、は-え、は-える ei, saka-eru, ha-e, ha-eru    Strokes: 9"
塩   鹵,"塩   鹵     salt   エン、しお en, shio    Strokes: 13"
億   人,億   人     hundred million   オク oku    Strokes: 15
加   力,"加   力     add   カ、くわ-える、くわ-わる ka, kuwa-eru, kuwa-waru    Strokes: 5"
果   木,"果   木     fruit   カ、は-たす、は-てる、は-て ka, ha-tasu, ha-teru, ha-te    Strokes: 8"
貨   貝,貨   貝     freight   カ ka    Strokes: 11
課   言,課   言     section   カ ka    Strokes: 15
芽   艸,"芽   艸     bud   ガ、め ga, me    Strokes: 8"
改   攴,"改   攴     reformation   カイ、あらた-める、あらた-まる kai, arata-meru, arata-maru    Strokes: 7"
械   木,械   木     contraption   カイ kai    Strokes: 11
害   宀,害   宀     harm   ガイ gai    Strokes: 10
街   行,"街   行     street   ガイ、（カイ）、まち gai, (kai), machi    Strokes: 12"
各   口,"各   口     each   カク、おのおの kaku, onoono    Strokes: 6"
覚   見,"覚   見     memorize   カク、おぼ-える、さ-ます、さ-める kaku, obo-eru, sa-masu, sa-meru    Strokes: 12"
完   宀,完   宀     perfect   カン kan    Strokes: 7
官   宀,官   宀     government official   カン kan    Strokes: 8
管   竹,"管   竹     pipe   カン、くだ kan, kuda    Strokes: 14"
関   門,"関   門     related   カン、せき、かか-わる kan, seki, kaka-waru    Strokes: 14"
観   見,観   見     observe   カン kan    Strokes: 18
願   頁,"願   頁     request   ガン、ねが-う gan, nega-u    Strokes: 19"
希   巾,希   巾     hope   キ ki    Strokes: 7
季   子,季   子     seasons   キ ki    Strokes: 8
紀   糸,紀   糸     chronicle   キ ki    Strokes: 9
喜   口,"喜   口     rejoice   キ、よろこ-ぶ ki, yoroko-bu    Strokes: 12"
旗   方,"旗   方     national flag   キ、はた ki, hata    Strokes: 14"
器   口,"器   口     container   キ、うつわ ki, utsuwa    Strokes: 15"
機   木,"機   木     machine   キ、はた ki, hata    Strokes: 16"
議   言,議   言     deliberation   ギ gi    Strokes: 20
求   水,"求   水     request   キュウ、もと-める kyū, moto-meru    Strokes: 7"
泣   水,"泣   水     cry   キュウ、な-く kyū, na-ku    Strokes: 8"
救   攴,"救   攴     salvation   キュウ、すく-う kyū, suku-u    Strokes: 11"
給   糸,給   糸     salary   キュウ kyū    Strokes: 12
挙   手,"挙   手     raise   キョ、あ-げる、あ-がる kyo, a-geru, a-garu    Strokes: 10"
漁   水,"漁   水     fishing   ギョ、リョウ gyo, ryō    Strokes: 14"
共   八,"共   八     together   キョウ、とも kyō, tomo    Strokes: 6"
協   十,協   十     cooperation   キョウ kyō    Strokes: 8
鏡   金,"鏡   金     mirror   キョウ、かがみ kyō, kagami    Strokes: 19"
競   立,"競   立     compete   キョウ、ケイ、きそ-う、せ-る kyō, kei, kiso-u, se-ru    Strokes: 20"
極   木,"極   木     poles   キョク、ゴク、きわ-める、きわ-まる、きわ-み kyoku, goku, kiwa-meru, kiwa-maru, kiwa-mi    Strokes: 12"
訓   言,訓   言     instruction   クン kun    Strokes: 10
軍   車,軍   車     army   グン gun    Strokes: 9
郡   邑,郡   邑     county   グン gun    Strokes: 10
径   彳,径   彳     diameter   ケイ kei    Strokes: 8
型   土,"型   土     model   ケイ、かた kei, kata    Strokes: 9"
景   日,景   日     scenery   ケイ kei    Strokes: 12
芸   艸,芸   艸     art   ゲイ gei    Strokes: 7
欠   缶,"欠   缶     lack   ケツ、か-ける、か-く ketsu, ka-keru, ka-ku    Strokes: 4"
結   糸,"結   糸     tie   ケツ、むす-ぶ、ゆ-う、ゆ-わえる ketsu, musu-bu, yu-u, yu-waeru    Strokes: 12"
建   廴,"建   廴     build   ケン、（コン）、た-てる、た-つ ken, (kon), ta-teru, ta-tsu    Strokes: 9"
健   人,"健   人     healthy   ケン、すこ-やか ken, suko-yaka    Strokes: 11"
験   馬,"験   馬     test   ケン、（ゲン） ken, (gen)    Strokes: 18"
固   囗,"固   囗     hard   コ、かた-める、かた-まる、かた-い ko, kata-meru, kata-maru, kata-i    Strokes: 8"
功   力,"功   力     achievement   コウ、（ク） kō, (ku)    Strokes: 5"
好   女,"好   女     like   コウ、この-む、す-く kō, kono-mu, su-ku    Strokes: 6"
候   人,"候   人     climate   コウ、そうろう kō, sōrō    Strokes: 10"
航   舟,航   舟     cruise   コウ kō    Strokes: 10
康   广,康   广     health   コウ kō    Strokes: 11
告   口,"告   口     tell   コク、つ-げる koku, tsu-geru    Strokes: 7"
差   工,"差   工     distinction   サ、さ-す sa, sa-su    Strokes: 10"
菜   艸,"菜   艸     vegetable   サイ、な sai, na    Strokes: 11"
最   曰,"最   曰     most   サイ、もっと-も sai, motto-mo    Strokes: 12"
材   木,材   木     lumber   ザイ zai    Strokes: 7
昨   日,昨   日     previous   サク saku    Strokes: 9
札   木,"札   木     tag   サツ、ふだ satsu, fuda    Strokes: 5"
刷   刀,"刷   刀     printing   サツ、す-る satsu, su-ru    Strokes: 8"
殺   殳,"殺   殳     kill   サツ、（サイ）、（セツ）、ころ-す satsu, (sai), (setsu), koro-su    Strokes: 10"
察   宀,察   宀     guess   サツ satsu    Strokes: 14
参   厶,"参   厶     participate   サン、まい-る san, mai-ru    Strokes: 8"
産   生,"産   生     give birth   サン、う-む、う-まれる、うぶ san, u-mu, u-mareru, ubu    Strokes: 11"
散   攴,"散   攴     scatter   サン、ち-る、ち-らす、ち-らかす、ち-らかる san, chi-ru, chi-rasu, chi-rakasu, chi-rakaru    Strokes: 12"
残   歹,"残   歹     remainder   ザン、のこ-る、のこ-す zan, noko-ru, noko-su    Strokes: 10"
士   士,士   士     gentleman   シ shi    Strokes: 3
氏   氏,"氏   氏     family name   シ、うじ shi, uji    Strokes: 4"
史   口,史   口     history   シ shi    Strokes: 5
司   口,司   口     director   シ shi    Strokes: 5
試   言,"試   言     test   シ、こころ-みる、ため-す shi, kokoro-miru, tame-su    Strokes: 13"
児   儿,"児   儿     child   ジ、（ニ） ji, (ni)    Strokes: 7"
治   水,"治   水     govern   ジ、チ、おさ-める、おさ-まる、なお-る、なお-す ji, chi, osa-meru, osa-maru, nao-ru, nao-su    Strokes: 8"
辞   辛,"辞   辛     resign   ジ、や-める ji, ya-meru    Strokes: 13"
失   大,"失   大     lose   シツ、うしな-う shitsu, ushina-u    Strokes: 5"
借   人,"借   人     borrow   シャク、か-りる shaku, ka-riru    Strokes: 10"
種   禾,"種   禾     kind   シュ、たね shu, tane    Strokes: 14"
周   口,"周   口     circumference   シュウ、まわ-り shū, mawa-ri    Strokes: 8"
祝   示,"祝   示     celebrate   シュク、（シュウ）、いわ-う shuku, (shū), iwa-u    Strokes: 9"
順   頁,順   頁     obey   ジュン jun    Strokes: 12
初   刀,"初   刀     first   ショ、はじ-め、はじ-めて、はつ、うい、そ-める sho, haji-me, haji-mete, hatsu, ui, so-meru    Strokes: 7"
松   木,"松   木     pine   ショウ、まつ shō, matsu    Strokes: 8"
笑   竹,"笑   竹     laugh   ショウ、わら-う、え-む shō, wara-u, e-mu    Strokes: 10"
唱   口,"唱   口     chant   ショウ、とな-える shō, tona-eru    Strokes: 11"
焼   火,"焼   火     bake   ショウ、や-く、や-ける shō, ya-ku, ya-keru    Strokes: 12"
象   豕,"象   豕     elephant   ショウ、ゾウ shō, zō    Strokes: 12"
照   火,"照   火     illuminate   ショウ、て-る、て-らす、て-れる shō, te-ru, te-rasu, te-reru    Strokes: 13"
賞   貝,賞   貝     prize   ショウ shō    Strokes: 15
臣   臣,"臣   臣     retainer   シン、ジン shin, jin    Strokes: 7"
信   人,信   人     trust   シン shin    Strokes: 9
成   戈,"成   戈     become   セイ、（ジョウ）、な-る、な-す sei, (jō), na-ru, na-su    Strokes: 6"
省   目,"省   目     government ministry   セイ、ショウ、かえり-みる、はぶ-く sei, shō, kaeri-miru, habu-ku    Strokes: 9"
清   水,"清   水     pure   セイ、（ショウ）、きよ-い、きよ-まる、きよ-める sei, (shō), kiyo-i, kiyo-maru, kiyo-meru    Strokes: 11"
静   靑,"静   靑     quiet   セイ、（ジョウ）、しず、しず-か、しず-まる、しず-める sei, (jō), shizu, shizu-ka, shizu-maru, shizu-meru    Strokes: 14"
席   巾,席   巾     seat   セキ seki    Strokes: 10
積   禾,"積   禾     accumulate   セキ、つ-む、つ-もる seki, tsu-mu, tsu-moru    Strokes: 16"
折   手,"折   手     fold   セツ、お-る、おり、お-れる setsu, o-ru, ori, o-reru    Strokes: 7"
節   竹,"節   竹     node   セツ、（セチ）、ふし setsu, (sechi), fushi    Strokes: 13"
説   言,"説   言     theory   セツ、（ゼイ）、と-く setsu, (zei), to-ku    Strokes: 14"
浅   水,"浅   水     shallow   セン、あさ-い sen, asa-i    Strokes: 9"
戦   戈,"戦   戈     war   セン、いくさ、たたか-う sen, ikusa, tataka-u    Strokes: 13"
選   辵,"選   辵     choose   セン、えら-ぶ sen, era-bu    Strokes: 15"
然   火,"然   火     so   ゼン、ネン zen, nen    Strokes: 12"
争   爪,"争   爪     conflict   ソウ、あらそ-う sō, araso-u    Strokes: 6"
倉   人,"倉   人     warehouse   ソウ、くら sō, kura    Strokes: 10"
巣   巛,"巣   巛     nest   ソウ、す sō, su    Strokes: 11"
束   木,"束   木     bundle   ソク、たば soku, taba    Strokes: 7"
側   人,"側   人     side   ソク、がわ soku, gawa    Strokes: 11"
続   糸,"続   糸     continue   ゾク、つづ-く、つづ-ける zoku, tsuzu-ku, tsuzu-keru    Strokes: 13"
卒   十,卒   十     graduate   ソツ sotsu    Strokes: 8
孫   子,"孫   子     grandchild   ソン、まご son, mago    Strokes: 10"
帯   巾,"帯   巾     sash   タイ、お-びる、おび tai, o-biru, obi    Strokes: 10"
隊   阜,隊   阜     group   タイ tai    Strokes: 12
達   辵,達   辵     attain   タツ tatsu    Strokes: 12
単   口,単   口     simple   タン tan    Strokes: 9
置   网,"置   网     put   チ、お-く chi, o-ku    Strokes: 13"
仲   人,"仲   人     relationship   チュウ、なか chū, naka    Strokes: 6"
貯   貝,貯   貝     savings   チョ cho    Strokes: 12
兆   儿,"兆   儿     portent, trillion   チョウ、きざ-す、きざ-し chō, kiza-su, kiza-shi    Strokes: 6"
腸   肉,腸   肉     intestines   チョウ chō    Strokes: 13
低   人,"低   人     low   テイ、ひく-い、ひく-める、ひく-まる tei, hiku-i, hiku-meru, hiku-maru    Strokes: 7"
底   广,"底   广     bottom   テイ、そこ tei, soko    Strokes: 8"
停   人,停   人     halt   テイ tei    Strokes: 11
的   白,"的   白     target   テキ、まと teki, mato    Strokes: 8"
典   八,典   八     code   テン ten    Strokes: 8
伝   人,"伝   人     transmit   デン、つた-わる、つた-える、つた-う den, tsuta-waru, tsuta-eru, tsuta-u    Strokes: 6"
徒   彳,徒   彳     junior   ト to    Strokes: 10
努   力,"努   力     toil   ド、つと-める do, tsuto-meru    Strokes: 7"
灯   火,"灯   火     lamp   トウ、ひ tō, hi    Strokes: 6"
堂   土,堂   土     public chamber   ドウ dō    Strokes: 11
働   人,"働   人     work   ドウ、はたら-く dō, hatara-ku    Strokes: 13"
特   牛,特   牛     special   トク toku    Strokes: 10
得   彳,"得   彳     acquire   トク、え-る、う-る toku, e-ru, u-ru    Strokes: 11"
毒   毋,毒   毋     poison   ドク doku    Strokes: 8
熱   火,"熱   火     heat   ネツ、あつ-い netsu, atsu-i    Strokes: 15"
念   心,念   心     thought   ネン nen    Strokes: 8
敗   攴,"敗   攴     failure   ハイ、やぶ-れる hai, yabu-reru    Strokes: 11"
梅   木,"梅   木     ume (Japanese apricot)   バイ、うめ bai, ume    Strokes: 10"
博   十,"博   十     Dr.   ハク、（バク） haku, (baku)    Strokes: 12"
飯   食,"飯   食     meal   ハン、めし han, meshi    Strokes: 12"
飛   飛,"飛   飛     fly   ヒ、と-ぶ、と-ばす hi, to-bu, to-basu    Strokes: 9"
費   貝,"費   貝     expense   ヒ、つい-やす、つい-える hi, tsui-yasu, tsui-eru    Strokes: 12"
必   心,"必   心     without fail   ヒツ、かなら-ず hitsu, kanara-zu    Strokes: 5"
票   示,票   示     ballot   ヒョウ hyō    Strokes: 11
標   木,標   木     signpost   ヒョウ hyō    Strokes: 15
不   一,"不   一     non-   フ、ブ fu, bu    Strokes: 4"
夫   大,"夫   大     husband   フ、（フウ）、おっと fu, (fū), otto    Strokes: 4"
付   人,"付   人     attach   フ、つ-ける、つ-く fu, tsu-keru, tsu-ku    Strokes: 5"
府   广,府   广     urban prefecture   フ fu    Strokes: 8
副   刀,副   刀     vice   フク fuku    Strokes: 11
粉   米,"粉   米     flour   フン、こ、こな fun, ko, kona    Strokes: 10"
兵   八,"兵   八     soldier   ヘイ、ヒョウ hei, hyō    Strokes: 7"
別   刀,"別   刀     separate   ベツ、わか-れる betsu, waka-reru    Strokes: 7"
辺   辵,"辺   辵     environs   ヘン、あた-り、べ hen, ata-ri, be    Strokes: 5"
変   言,"変   言     change   ヘン、か-わる、か-える hen, ka-waru, ka-eru    Strokes: 9"
便   人,"便   人     convenience   ベン、ビン、たよ-り ben, bin, tayo-ri    Strokes: 9"
包   勹,"包   勹     wrap   ホウ、つつ-む hō, tsutsu-mu    Strokes: 5"
法   水,"法   水     method   ホウ、（ハッ）、（ホッ） hō, (ha'), (ho')    Strokes: 8"
望   月,"望   月     hope   ボウ、モウ、のぞ-む bō, mō, nozo-mu    Strokes: 11"
牧   牛,"牧   牛     breed   ボク、まき boku, maki    Strokes: 8"
末   木,"末   木     end   マツ、バツ、すえ matsu, batsu, sue    Strokes: 5"
満   水,"満   水     full   マン、み-ちる、み-たす man, mi-chiru, mi-tasu    Strokes: 12"
未   木,未   木     not yet   ミ mi    Strokes: 5
脈   肉,脈   肉     vein   ミャク myaku    Strokes: 10
民   氏,"民   氏     people   ミン、たみ min, tami    Strokes: 5"
無   火,"無   火     nothing   ム、ブ、な-い mu, bu, na-i    Strokes: 12"
約   糸,約   糸     promise   ヤク yaku    Strokes: 9
勇   力,"勇   力     courage   ユウ、いさ-む yū, isa-mu    Strokes: 9"
要   襾,"要   襾     need   ヨウ、かなめ、い-る yō, kaname, i-ru    Strokes: 9"
養   食,"養   食     foster   ヨウ、やしな-う yō, yashina-u    Strokes: 15"
浴   水,"浴   水     bathe   ヨク、あ-びる、あ-びせる yoku, a-biru, a-biseru    Strokes: 10"
利   刀,"利   刀     profit   リ、き-く ri, ki-ku    Strokes: 7"
陸   阜,陸   阜     land   リク riku    Strokes: 11
良   艮,"良   艮     good   リョウ、よ-い ryō, yo-i    Strokes: 7"
料   斗,料   斗     fee   リョウ ryō    Strokes: 10
量   里,"量   里     quantity   リョウ、はか-る ryō, haka-ru    Strokes: 12"
輪   車,"輪   車     wheel   リン、わ rin, wa    Strokes: 15"
類   頁,"類   頁     sort   ルイ、たぐ-い rui, tagu-i    Strokes: 18"
令   人,令   人     orders   レイ rei    Strokes: 5
冷   冫,"冷   冫     cool   レイ、つめ-たい、ひ-える、ひ-や、ひ-やす、ひ-やかす、さ-める、さ-ます rei, tsume-tai, hi-eru, hi-ya, hi-yasu, hi-yakasu, sa-meru, sa-masu    Strokes: 7"
例   人,"例   人     example   レイ、たと-える rei, tato-eru    Strokes: 8"
歴   止,歴   止     curriculum   レキ reki    Strokes: 14
連   辵,"連   辵     take along   レン、つら-なる、つら-ねる、つ-れる ren, tsura-naru, tsura-neru, tsu-reru    Strokes: 10"
老   老,"老   老     old man   ロウ、お-いる、ふ-ける rō, o-iru, fu-keru    Strokes: 6"
労   力,労   力     labour   ロウ rō    Strokes: 7
録   金,録   金     record   ロク roku    Strokes: 16
圧   土,圧   土     pressure   アツ atsu    Strokes: 5
移   禾,"移   禾     shift   イ、うつ-る、うつ-す i, utsu-ru, utsu-su    Strokes: 11"
因   囗,"因   囗     cause   イン、よ-る in, yo-ru    Strokes: 6"
永   水,"永   水     eternity   エイ、なが-い ei, naga-i    Strokes: 5"
営   火,"営   火     manage   エイ、いとな-む ei, itona-mu    Strokes: 12"
衛   行,衛   行     defense   エイ ei    Strokes: 16
易   日,"易   日     easy   エキ、イ、やさ-しい eki, i, yasa-shii    Strokes: 8"
益   皿,"益   皿     benefit   エキ、（ヤク） eki, (yaku)    Strokes: 10"
液   水,液   水     fluid   エキ eki    Strokes: 11
演   水,演   水     perform   エン en    Strokes: 14
応   心,"応   心     respond   オウ、こた-える ō, kota-eru    Strokes: 7"
往   彳,往   彳     outward journey   オウ ō    Strokes: 8
桜   木,"桜   木     cherry tree   オウ、さくら ō, sakura    Strokes: 10"
恩   心,恩   心     grace   オン on    Strokes: 10
可   口,可   口     possible   カ ka    Strokes: 5
仮   人,"仮   人     temporary   カ、（ケ）、かり ka, (ke), kari    Strokes: 6"
価   人,"価   人     value   カ、あたい ka, atai    Strokes: 8"
河   水,"河   水     river   カ、かわ ka, kawa    Strokes: 8"
過   辵,"過   辵     go beyond   カ、す-ぎる、す-ごす、あやま-つ、あやま-ち ka, su-giru, su-gosu, ayama-tsu, ayama-chi    Strokes: 12"
賀   貝,賀   貝     congratulations   ガ ga    Strokes: 12
快   心,"快   心     cheerful   カイ、こころよ-い kai, kokoroyo-i    Strokes: 7"
解   角,"解   角     untie   カイ、ゲ、と-く、と-かす、と-ける kai, ge, to-ku, to-kasu, to-keru    Strokes: 13"
格   木,"格   木     status   カク、（コウ） kaku, (kō)    Strokes: 10"
確   石,"確   石     certain   カク、たし-か、たし-かめる kaku, tashi-ka, tashi-kameru    Strokes: 15"
額   頁,"額   頁     amount   ガク、ひたい gaku, hitai    Strokes: 18"
刊   刀,刊   刀     publish   カン kan    Strokes: 5
幹   干,"幹   干     tree-trunk   カン、みき kan, miki    Strokes: 13"
慣   心,"慣   心     accustomed   カン、な-れる、な-らす kan, na-reru, na-rasu    Strokes: 14"
眼   目,"眼   目     eyeball   ガン、（ゲン）、まなこ gan, (gen), manako    Strokes: 11"
基   土,"基   土     foundation   キ、もと、もとい ki, moto, motoi    Strokes: 11"
寄   宀,"寄   宀     approach   キ、よ-る、よ-せる ki, yo-ru, yo-seru    Strokes: 11"
規   見,規   見     rule   キ ki    Strokes: 11
技   手,"技   手     skill   ギ、わざ gi, waza    Strokes: 7"
義   羊,義   羊     righteousness   ギ gi    Strokes: 13
逆   辵,"逆   辵     inverted   ギャク、さか、さか-らう gyaku, saka, saka-rau    Strokes: 9"
久   丿,"久   丿     long time   キュウ、（ク）、ひさ-しい kyū, (ku), hisa-shii    Strokes: 3"
旧   臼,旧   臼     old times   キュウ kyū    Strokes: 5
居   尸,"居   尸     reside   キョ、い-る kyo, i-ru    Strokes: 8"
許   言,"許   言     permit   キョ、ゆる-す kyo, yuru-su    Strokes: 11"
境   土,"境   土     boundary   キョウ、（ケイ）、さかい kyō, (kei), sakai    Strokes: 14"
均   土,均   土     level   キン kin    Strokes: 7
禁   示,禁   示     prohibition   キン kin    Strokes: 13
句   口,句   口     phrase   ク ku    Strokes: 5
群   羊,"群   羊     flock   グン、む-れる、む-れ、（むら） gun, mu-reru, mu-re, (mura)    Strokes: 13"
経   糸,"経   糸     manage   ケイ、キョウ、へ-る kei, kyō, he-ru    Strokes: 11"
潔   水,"潔   水     undefiled   ケツ、いさぎよ-い ketsu, isagiyo-i    Strokes: 15"
件   人,件   人     affair   ケン ken    Strokes: 6
券   刀,券   刀     ticket   ケン ken    Strokes: 8
険   阜,"険   阜     precipitous   ケン、けわ-しい ken, kewa-shii    Strokes: 11"
検   木,検   木     examine   ケン ken    Strokes: 12
限   阜,"限   阜     limit   ゲン、かぎ-る gen, kagi-ru    Strokes: 9"
現   玉,"現   玉     appear   ゲン、あらわ-れる、あらわ-す gen, arawa-reru, arawa-su    Strokes: 11"
減   水,"減   水     decrease   ゲン、へ-る、へ-らす gen, he-ru, he-rasu    Strokes: 12"
故   攴,"故   攴     circumstances   コ、ゆえ ko, yue    Strokes: 9"
個   人,個   人     individual   コ ko    Strokes: 10
護   言,護   言     safeguard   ゴ go    Strokes: 20
効   力,"効   力     effect   コウ、き-く kō, ki-ku    Strokes: 8"
厚   厂,"厚   厂     thick   コウ、あつ-い kō, atsu-i    Strokes: 9"
耕   耒,"耕   耒     till   コウ、たがや-す kō, tagaya-su    Strokes: 10"
鉱   金,鉱   金     mineral   コウ kō    Strokes: 13
構   木,"構   木     construct   コウ、かま-える、かま-う kō, kama-eru, kama-u    Strokes: 14"
興   臼,"興   臼     entertain   コウ、キョウ、おこ-る、おこ-す kō, kyō, oko-ru, oko-su    Strokes: 16"
講   言,講   言     lecture   コウ kō    Strokes: 17
混   水,"混   水     mix   コン、ま-じる、ま-ざる、ま-ぜる、こ-む kon, ma-jiru, ma-zaru, ma-zeru, ko-mu    Strokes: 11"
査   木,査   木     investigate   サ sa    Strokes: 9
再   冂,"再   冂     again   サイ、（サ）、ふたた-び sai, (sa), futata-bi    Strokes: 6"
災   火,"災   火     disaster   サイ、わざわ-い sai, wazawa-i    Strokes: 7"
妻   女,"妻   女     wife   サイ、つま sai, tsuma    Strokes: 8"
採   手,"採   手     pick   サイ、と-る sai, to-ru    Strokes: 11"
際   阜,"際   阜     occasion   サイ、きわ sai, kiwa    Strokes: 14"
在   土,"在   土     exist   ザイ、あ-る zai, a-ru    Strokes: 6"
財   貝,"財   貝     wealth   ザイ、（サイ） zai, (sai)    Strokes: 10"
罪   网,"罪   网     guilt   ザイ、つみ zai, tsumi    Strokes: 13"
雑   隹,"雑   隹     miscellaneous   ザツ、ゾウ zatsu, zō    Strokes: 14"
酸   酉,"酸   酉     acid   サン、す-い san, su-i    Strokes: 14"
賛   貝,賛   貝     approve   サン san    Strokes: 15
支   支,"支   支     branch   シ、ささ-える shi, sasa-eru    Strokes: 4"
志   心,"志   心     intention   シ、こころざ-す、こころざし shi, kokoroza-su, kokorozashi    Strokes: 7"
枝   木,"枝   木     branch   シ、えだ shi, eda    Strokes: 8"
師   巾,師   巾     expert   シ shi    Strokes: 10
資   貝,資   貝     resources   シ shi    Strokes: 13
飼   食,"飼   食     domesticate   シ、か-う shi, ka-u    Strokes: 13"
示   示,"示   示     indicate   ジ、シ、しめ-す ji, shi, shime-su    Strokes: 5"
似   人,"似   人     becoming   ジ、に-る ji, ni-ru    Strokes: 7"
識   言,識   言     discriminating   シキ shiki    Strokes: 19
質   貝,"質   貝     quality   シツ、シチ、（チ） shitsu, shichi, (chi)    Strokes: 15"
舎   舌,舎   舌     cottage   シャ sha    Strokes: 8
謝   言,"謝   言     apologize   シャ、あやま-る sha, ayama-ru    Strokes: 17"
授   手,"授   手     instruct   ジュ、さず-ける、さず-かる ju, sazu-keru, sazu-karu    Strokes: 11"
修   人,"修   人     discipline   シュウ、（シュ）、おさ-める、おさ-まる shū, (shu), osa-meru, osa-maru    Strokes: 10"
述   辵,"述   辵     mention   ジュツ、の-べる jutsu, no-beru    Strokes: 8"
術   行,術   行     art   ジュツ jutsu    Strokes: 11
準   水,準   水     standard   ジュン jun    Strokes: 13
序   广,序   广     preface   ジョ jo    Strokes: 7
招   手,"招   手     beckon   ショウ、まね-く shō, mane-ku    Strokes: 8"
承   手,"承   手     acquiesce   ショウ、うけたまわ-る shō, uketamawa-ru    Strokes: 8"
証   言,証   言     evidence   ショウ shō    Strokes: 12
条   木,条   木     clause   ジョウ jō    Strokes: 7
状   犬,状   犬     form   ジョウ jō    Strokes: 7
常   巾,"常   巾     normal   ジョウ、つね、とこ jō, tsune, toko    Strokes: 11"
情   心,"情   心     feelings   ジョウ、（セイ）、なさ-け jō, (sei), nasa-ke    Strokes: 11"
織   糸,"織   糸     weave   ショク、シキ、お-る shoku, shiki, o-ru    Strokes: 18"
職   耳,職   耳     employment   ショク shoku    Strokes: 18
制   刀,制   刀     control   セイ sei    Strokes: 8
性   心,"性   心     gender   セイ、ショウ sei, shō    Strokes: 8"
政   攴,"政   攴     politics   セイ、（ショウ）、まつりごと sei, (shō), matsurigoto    Strokes: 9"
勢   力,"勢   力     power   セイ、いきお-い sei, ikio-i    Strokes: 13"
精   米,"精   米     refined   セイ、（ショウ） sei, (shō)    Strokes: 14"
製   衣,製   衣     manufacture   セイ sei    Strokes: 14
税   禾,税   禾     tax   ゼイ zei    Strokes: 12
責   貝,"責   貝     blame   セキ、せ-める seki, se-meru    Strokes: 11"
績   糸,績   糸     exploits   セキ seki    Strokes: 17
接   手,"接   手     contact   セツ、つ-ぐ setsu, tsu-gu    Strokes: 11"
設   言,"設   言     establish   セツ、もう-ける setsu, mō-keru    Strokes: 11"
舌   舌,"舌   舌     tongue   ゼツ、した zetsu, shita    Strokes: 6"
絶   糸,"絶   糸     discontinue   ゼツ、た-える、た-やす、た-つ zetsu, ta-eru, ta-yasu, ta-tsu    Strokes: 12"
銭   金,"銭   金     coin   セン、ぜに sen, zeni    Strokes: 14"
祖   示,祖   示     ancestor   ソ so    Strokes: 9
素   糸,"素   糸     elementary   ソ、ス so, su    Strokes: 10"
総   糸,総   糸     whole   ソウ sō    Strokes: 14
造   辵,"造   辵     create   ゾウ、つく-る zō, tsuku-ru    Strokes: 10"
像   人,像   人     statue   ゾウ zō    Strokes: 14
増   土,"増   土     increase   ゾウ、ま-す、ふ-える、ふ-やす zō, ma-su, fu-eru, fu-yasu    Strokes: 14"
則   刀,則   刀     rule   ソク soku    Strokes: 9
測   水,"測   水     fathom   ソク、はか-る soku, haka-ru    Strokes: 12"
属   尸,属   尸     belong   ゾク zoku    Strokes: 12
率   玄,"率   玄     rate   ソツ、リツ、ひき-いる sotsu, ritsu, hiki-iru    Strokes: 11"
損   手,"損   手     loss   ソン、そこ-なう、そこ-ねる son, soko-nau, soko-neru    Strokes: 13"
退   辵,"退   辵     retreat   タイ、しりぞ-く、しりぞ-ける tai, shirizo-ku, shirizo-keru    Strokes: 9"
貸   貝,"貸   貝     lend   タイ、か-す tai, ka-su    Strokes: 12"
態   心,態   心     condition   タイ tai    Strokes: 14
団   囗,"団   囗     group   ダン、（トン） dan, (ton)    Strokes: 6"
断   斤,"断   斤     cut off   ダン、た-つ、ことわ-る dan, ta-tsu, kotowa-ru    Strokes: 11"
築   竹,"築   竹     fabricate   チク、きず-く chiku, kizu-ku    Strokes: 16"
張   弓,"張   弓     stretch   チョウ、は-る chō, ha-ru    Strokes: 11"
提   手,"提   手     present   テイ、さ-げる tei, sa-geru    Strokes: 12"
程   禾,"程   禾     extent   テイ、ほど tei, hodo    Strokes: 12"
適   辵,適   辵     suitable   テキ teki    Strokes: 14
敵   攴,"敵   攴     enemy   テキ、かたき teki, kataki    Strokes: 15"
統   糸,"統   糸     unite   トウ、す-べる tō, su-beru    Strokes: 12"
銅   金,銅   金     copper   ドウ dō    Strokes: 14
導   寸,"導   寸     guide   ドウ、みちび-く dō, michibi-ku    Strokes: 15"
徳   彳,徳   彳     benevolence   トク toku    Strokes: 14
独   犬,"独   犬     alone   ドク、ひと-り doku, hito-ri    Strokes: 9"
任   人,"任   人     responsibility   ニン、まか-せる、まか-す nin, maka-seru, maka-su    Strokes: 6"
燃   火,"燃   火     burn   ネン、も-える、も-やす、も-す nen, mo-eru, mo-yasu, mo-su    Strokes: 16"
能   肉,能   肉     ability   ノウ nō    Strokes: 10
破   石,"破   石     rend   ハ、やぶ-る、やぶ-れる ha, yabu-ru, yabu-reru    Strokes: 10"
犯   犬,"犯   犬     crime   ハン、おか-す han, oka-su    Strokes: 5"
判   刀,"判   刀     judge   ハン、バン han, ban    Strokes: 7"
版   片,版   片     printing block   ハン han    Strokes: 8
比   比,"比   比     compare   ヒ、くら-べる hi, kura-beru    Strokes: 4"
肥   肉,"肥   肉     fertilizer   ヒ、こ-える、こえ、こ-やす、こ-やし hi, ko-eru, koe, ko-yasu, ko-yashi    Strokes: 8"
非   非,非   非     negative   ヒ hi    Strokes: 8
備   人,"備   人     provide   ビ、そな-える、そな-わる bi, sona-eru, sona-waru    Strokes: 12"
俵   人,"俵   人     bag   ヒョウ、たわら hyō, tawara    Strokes: 10"
評   言,評   言     evaluate   ヒョウ hyō    Strokes: 12
貧   貝,"貧   貝     poor   ヒン、ビン、まず-しい hin, bin, mazu-shii    Strokes: 11"
布   巾,"布   巾     linen   フ、ぬの fu, nuno    Strokes: 5"
婦   女,婦   女     lady   フ fu    Strokes: 11
富   宀,"富   宀     rich   フ、（フウ）、と-む、とみ fu, (fū), to-mu, tomi    Strokes: 12"
武   止,"武   止     military   ブ、ム bu, mu    Strokes: 8"
復   彳,復   彳     again   フク fuku    Strokes: 12
複   衣,複   衣     duplicate   フク fuku    Strokes: 14
仏   人,"仏   人     Buddha   ブツ、ほとけ butsu, hotoke    Strokes: 4"
編   糸,"編   糸     compile   ヘン、あ-む hen, a-mu    Strokes: 15"
弁   辛 瓜 辛,弁   辛 瓜 辛     valve   ベン ben    Strokes: 5
保   人,"保   人     preserve   ホ、たも-つ ho, tamo-tsu    Strokes: 9"
墓   土,"墓   土     grave   ボ、はか bo, haka    Strokes: 13"
報   土,"報   土     report   ホウ、むく-いる hō, muku-iru    Strokes: 12"
豊   豆,"豊   豆     bountiful   ホウ、ゆた-か hō, yuta-ka    Strokes: 13"
防   阜,"防   阜     prevent   ボウ、ふせ-ぐ bō, fuse-gu    Strokes: 7"
貿   貝,貿   貝     trade   ボウ bō    Strokes: 12
暴   日,"暴   日     outburst   ボウ、（バク）、あば-く、あば-れる bō, (baku), aba-ku, aba-reru    Strokes: 15"
務   力,"務   力     duty   ム、つと-める、つと-まる mu, tsuto-meru, tsuto-maru    Strokes: 11"
夢   夕,"夢   夕     dream   ム、ゆめ mu, yume    Strokes: 13"
迷   辵,"迷   辵     astray   メイ、まよ-う mei, mayo-u    Strokes: 9"
綿   糸,"綿   糸     cotton   メン、わた men, wata    Strokes: 14"
輸   車,輸   車     transport   ユ yu    Strokes: 16
余   食,"余   食     leave over   ヨ、あま-る、あま-す yo, ama-ru, ama-su    Strokes: 7"
預   頁,"預   頁     deposit   ヨ、あず-ける、あず-かる yo, azu-keru, azu-karu    Strokes: 13"
容   宀,容   宀     contain   ヨウ yō    Strokes: 10
略   田,略   田     abbreviation   リャク ryaku    Strokes: 11
留   田,"留   田     detain   リュウ、（ル）、と-める、と-まる ryū, (ru), to-meru, to-maru    Strokes: 10"
領   頁,領   頁     territory   リョウ ryō    Strokes: 14
異   田,"異   田     uncommon   イ、こと i, koto    Strokes: 11"
遺   辵,"遺   辵     bequeath   イ、（ユイ） i, (yui)    Strokes: 15"
域   土,域   土     range   イキ iki    Strokes: 11
宇   宀,宇   宀     eaves   ウ u    Strokes: 6
映   日,"映   日     reflect   エイ、うつ-る、うつ-す、は-える ei, utsu-ru, utsu-su, ha-eru    Strokes: 9"
延   廴,"延   廴     prolong   エン、の-びる、の-べる、の-ばす en, no-biru, no-beru, no-basu    Strokes: 8"
沿   水,"沿   水     run alongside   エン、そ-う en, so-u    Strokes: 8"
我   戈,"我   戈     ego   ガ、われ、わ ga, ware, wa    Strokes: 7"
灰   火,"灰   火     ashes   カイ、はい kai, hai    Strokes: 6"
拡   手,拡   手     broaden   カク kaku    Strokes: 8
革   革,"革   革     leather   カク、かわ kaku, kawa    Strokes: 9"
閣   門,閣   門     tall   カク kaku    Strokes: 14
割   刀,"割   刀     divide   カツ、わ-る、わり、わ-れる、さ-く katsu, wa-ru, wari, wa-reru, sa-ku    Strokes: 12"
株   木,株   木     stocks   かぶ kabu    Strokes: 10
干   干,"干   干     dry   カン、ほ-す、ひ-る kan, ho-su, hi-ru    Strokes: 3"
巻   卩,"巻   卩     scroll   カン、ま-く、まき kan, ma-ku, maki    Strokes: 9"
看   目,看   目     watch over   カン kan    Strokes: 9
簡   竹,簡   竹     simplicity   カン kan    Strokes: 18
危   卩,"危   卩     dangerous   キ、あぶ-ない、あや-うい、あや-ぶむ ki, abu-nai, aya-ui, aya-bumu    Strokes: 6"
机   木,"机   木     desk   キ、つくえ ki, tsukue    Strokes: 6"
揮   手,揮   手     brandish   キ ki    Strokes: 12
貴   貝,"貴   貝     precious   キ、たっと-い、とうと-い、たっと-ぶ、とうと-ぶ ki, tatto-i, tōto-i, tatto-bu, tōto-bu    Strokes: 12"
疑   疋,"疑   疋     doubt   ギ、うたが-う gi, utaga-u    Strokes: 14"
吸   口,"吸   口     suck   キュウ、す-う kyū, su-u    Strokes: 6"
供   人,"供   人     offer   キョウ、（ク）、そな-える、とも kyō, (ku), sona-eru, tomo    Strokes: 8"
胸   肉,"胸   肉     bosom   キョウ、むね、（むな） kyō, mune, (muna)    Strokes: 10"
郷   邑,"郷   邑     home town   キョウ、ゴウ kyō, gō    Strokes: 11"
勤   力,"勤   力     diligence   キン、（ゴン）、つと-める、つと-まる kin, (gon), tsuto-meru, tsuto-maru    Strokes: 12"
筋   竹,"筋   竹     muscle   キン、すじ kin, suji    Strokes: 12"
系   糸,系   糸     lineage   ケイ kei    Strokes: 7
敬   攴,"敬   攴     respect   ケイ、うやま-う kei, uyama-u    Strokes: 12"
警   言,警   言     guard against   ケイ kei    Strokes: 19
劇   刀,劇   刀     drama   ゲキ geki    Strokes: 15
激   水,"激   水     violent   ゲキ、はげ-しい geki, hage-shii    Strokes: 16"
穴   穴,"穴   穴     hole   ケツ、あな ketsu, ana    Strokes: 5"
絹   糸,"絹   糸     silk   ケン、きぬ ken, kinu    Strokes: 13"
権   木,"権   木     rights   ケン、（ゴン） ken, (gon)    Strokes: 15"
憲   心,憲   心     constitution   ケン ken    Strokes: 16
源   水,"源   水     origin   ゲン、みなもと gen, minamoto    Strokes: 13"
厳   口,"厳   口     strict   ゲン、（ゴン）、おごそ-か、きび-しい gen, (gon), ogoso-ka, kibi-shii    Strokes: 17"
己   己,"己   己     self   コ、キ、おのれ ko, ki, onore    Strokes: 3"
呼   口,"呼   口     call   コ、よ-ぶ ko, yo-bu    Strokes: 8"
誤   言,"誤   言     mistake   ゴ、あやま-る go, ayama-ru    Strokes: 14"
后   口,后   口     empress   コウ kō    Strokes: 6
孝   子,孝   子     filial piety   コウ kō    Strokes: 7
皇   白,"皇   白     emperor   コウ、オウ kō, ō    Strokes: 9"
紅   糸,"紅   糸     deep red   コウ、（ク）、べに、くれない kō, (ku), beni, kurenai    Strokes: 9"
降   阜,"降   阜     descend   コウ、お-りる、お-ろす、ふ-る kō, o-riru, o-rosu, fu-ru    Strokes: 10"
鋼   金,"鋼   金     steel   コウ、はがね kō, hagane    Strokes: 16"
刻   刀,"刻   刀     engrave   コク、きざ-む koku, kiza-mu    Strokes: 8"
穀   禾,穀   禾     cereals   コク koku    Strokes: 14
骨   骨,"骨   骨     bone   コツ、ほね kotsu, hone    Strokes: 10"
困   囗,"困   囗     become distressed   コン、こま-る kon, koma-ru    Strokes: 7"
砂   石,"砂   石     sand   サ、シャ、すな sa, sha, suna    Strokes: 9"
座   广,"座   广     sit   ザ、すわ-る za, suwa-ru    Strokes: 10"
済   水,"済   水     settle   サイ、す-む、す-ます sai, su-mu, su-masu    Strokes: 11"
裁   衣,"裁   衣     judge   サイ、た-つ、さば-く sai, ta-tsu, saba-ku    Strokes: 12"
策   竹,策   竹     scheme   サク saku    Strokes: 12
冊   冂,"冊   冂     counter for books   サツ、サク satsu, saku    Strokes: 5"
蚕   虫,"蚕   虫     silkworm   サン、かいこ san, kaiko    Strokes: 10"
至   至,"至   至     climax   シ、いた-る shi, ita-ru    Strokes: 6"
私   禾,"私   禾     me   シ、わたくし、わたし shi, watakushi, watashi    Strokes: 7"
姿   女,"姿   女     figure   シ、すがた shi, sugata    Strokes: 9"
視   見,視   見     look at   シ shi    Strokes: 11
詞   言,詞   言     poetry   シ shi    Strokes: 12
誌   言,誌   言     document   シ shi    Strokes: 14
磁   石,磁   石     magnet   ジ ji    Strokes: 14
射   寸,"射   寸     shoot   シャ、い-る sha, i-ru    Strokes: 10"
捨   手,"捨   手     throw away   シャ、す-てる sha, su-teru    Strokes: 11"
尺   尸,尺   尸     shaku   シャク shaku    Strokes: 4
若   艸,"若   艸     young   ジャク、（ニャク）、わか-い、も-しくは jaku, (nyaku), waka-i, mo-shikuha    Strokes: 8"
樹   木,樹   木     trees   ジュ ju    Strokes: 16
収   攴,"収   攴     take in   シュウ、おさ-める、おさ-まる shū, osa-meru, osa-maru    Strokes: 4"
宗   宀,"宗   宀     religion   シュウ、ソウ shū, sō    Strokes: 8"
就   尢,"就   尢     concerning   シュウ、（ジュ）、つ-く、つ-ける shū, (ju), tsu-ku, tsu-keru    Strokes: 12"
衆   血,"衆   血     masses   シュウ、（シュ） shū, (shu)    Strokes: 12"
従   彳,"従   彳     obey   ジュウ、（ショウ）、（ジュ）、したが-う、したが-える jū, (shō), (ju), shitaga-u, shitaga-eru    Strokes: 10"
縦   糸,"縦   糸     vertical   ジュウ、たて jū, tate    Strokes: 16"
縮   糸,"縮   糸     shrink   シュク、ちぢ-む、ちぢ-まる、ちぢ-める、ちぢ-れる、ちぢ-らす shuku, chiji-mu, chiji-maru, chiji-meru, chiji-reru, chiji-rasu    Strokes: 17"
熟   火,"熟   火     ripen   ジュク、う-れる juku, u-reru    Strokes: 15"
純   糸,純   糸     genuine   ジュン jun    Strokes: 10
処   虍,処   虍     dispose   ショ sho    Strokes: 5
署   网,署   网     government office   ショ sho    Strokes: 13
諸   言,諸   言     various   ショ sho    Strokes: 15
除   阜,"除   阜     exclude   ジョ、（ジ）、のぞ-く jo, (ji), nozo-ku    Strokes: 10"
将   寸,将   寸     leader   ショウ shō    Strokes: 10
傷   人,"傷   人     wound   ショウ、きず、いた-む、いた-める shō, kizu, ita-mu, ita-meru    Strokes: 13"
障   阜,"障   阜     hurt   ショウ、さわ-る shō, sawa-ru    Strokes: 14"
城   土,"城   土     castle   ジョウ、しろ jō, shiro    Strokes: 9"
蒸   艸,"蒸   艸     steam   ジョウ、む-す、む-れる、む-らす jō, mu-su, mu-reru, mu-rasu    Strokes: 13"
針   金,"針   金     needle   シン、はり shin, hari    Strokes: 10"
仁   人,"仁   人     humanity   ジン、（ニ） jin, (ni)    Strokes: 4"
垂   土,"垂   土     droop   スイ、た-れる、た-らす sui, ta-reru, ta-rasu    Strokes: 8"
推   手,"推   手     infer   スイ、お-す sui, o-su    Strokes: 11"
寸   寸,寸   寸     measurement   スン sun    Strokes: 3
盛   皿,"盛   皿     prosper   セイ、（ジョウ）、も-る、さか-る、さか-ん sei, (jō), mo-ru, saka-ru, saka-n    Strokes: 11"
聖   耳,聖   耳     holy   セイ sei    Strokes: 13
誠   言,"誠   言     sincerity   セイ、まこと sei, makoto    Strokes: 13"
宣   宀,宣   宀     proclaim   セン sen    Strokes: 9
専   寸,"専   寸     specialty   セン、もっぱ-ら sen, moppa-ra    Strokes: 9"
泉   水,"泉   水     spring   セン、いずみ sen, izumi    Strokes: 9"
洗   水,"洗   水     wash   セン、あら-う sen, ara-u    Strokes: 9"
染   木,"染   木     dye   セン、そ-める、そ-まる、し-みる、し-み sen, so-meru, so-maru, shi-miru, shi-mi    Strokes: 9"
善   口,"善   口     good   ゼン、よ-い zen, yo-i    Strokes: 12"
奏   大,"奏   大     play music   ソウ、かな-でる sō, kana-deru    Strokes: 9"
窓   穴,"窓   穴     window   ソウ、まど sō, mado    Strokes: 11"
創   刀,"創   刀     create   ソウ、つく-る sō, tsuku-ru    Strokes: 12"
装   衣,"装   衣     attire   ソウ、ショウ、よそお-う sō, shō, yosoo-u    Strokes: 12"
層   尸,層   尸     stratum   ソウ sō    Strokes: 14
操   手,"操   手     maneuver   ソウ、みさお、あやつ-る sō, misao, ayatsu-ru    Strokes: 16"
蔵   艸,"蔵   艸     warehouse   ゾウ、くら zō, kura    Strokes: 15"
臓   肉,臓   肉     entrails   ゾウ zō    Strokes: 19
存   子,"存   子     suppose   ソン、ゾン son, zon    Strokes: 6"
尊   寸,"尊   寸     revered   ソン、たっと-い、とうと-い、たっと-ぶ、とうと-ぶ son, tatto-i, tōto-i, tatto-bu, tōto-bu    Strokes: 12"
宅   宀,宅   宀     home   タク taku    Strokes: 6
担   手,"担   手     shouldering   タン、かつ-ぐ、にな-う tan, katsu-gu, nina-u    Strokes: 8"
探   手,"探   手     grope   タン、さぐ-る、さが-す tan, sagu-ru, saga-su    Strokes: 11"
誕   言,誕   言     nativity   タン tan    Strokes: 15
段   殳,段   殳     steps   ダン dan    Strokes: 9
暖   日,"暖   日     warmth   ダン、あたた-か、あたた-かい、あたた-まる、あたた-める dan, atata-ka, atata-kai, atata-maru, atata-meru    Strokes: 13"
値   人,"値   人     value   チ、ね、あたい chi, ne, atai    Strokes: 10"
宙   宀,宙   宀     mid-air   チュウ chū    Strokes: 8
忠   心,忠   心     loyalty   チュウ chū    Strokes: 8
著   艸,"著   艸     renowned   チョ、あらわ-す、いちじる-しい cho, arawa-su, ichijiru-shii    Strokes: 11"
庁   广,庁   广     government office   チョウ chō    Strokes: 5
頂   頁,"頂   頁     place on the head   チョウ、いただ-く、いただき chō, itada-ku, itadaki    Strokes: 11"
潮   水,"潮   水     tide   チョウ、しお chō, shio    Strokes: 15"
賃   貝,賃   貝     fare   チン chin    Strokes: 13
痛   疒,"痛   疒     pain   ツウ、いた-い、いた-む、いた-める tsū, ita-i, ita-mu, ita-meru    Strokes: 12"
展   尸,展   尸     expand   テン ten    Strokes: 10
討   言,"討   言     chastise   トウ、う-つ tō, u-tsu    Strokes: 10"
党   黑,党   黑     group   トウ tō    Strokes: 10
糖   米,糖   米     sugar   トウ tō    Strokes: 16
届   尸,"届   尸     deliver   とど-ける、とど-く todo-keru, todo-ku    Strokes: 8"
難   隹,"難   隹     difficult   ナン、かた-い、むずか-しい nan, kata-i, muzuka-shii    Strokes: 18"
乳   乙,"乳   乙     milk   ニュウ、ちち、ち nyū, chichi, chi    Strokes: 8"
認   言,"認   言     recognize   ニン、みと-める nin, mito-meru    Strokes: 14"
納   糸,"納   糸     settlement   ノウ、（ナッ）、（ナ）、（ナン）、（トウ）、おさ-める、おさ-まる nō, (na'), (na), (nan), (tō), osa-meru, osa-maru    Strokes: 10"
脳   肉,脳   肉     brain   ノウ nō    Strokes: 11
派   水,派   水     sect   ハ ha    Strokes: 9
拝   手,"拝   手     worship   ハイ、おが-む hai, oga-mu    Strokes: 8"
背   肉,"背   肉     back   ハイ、せ、せい、そむ-く、そむ-ける hai, se, sei, somu-ku, somu-keru    Strokes: 9"
肺   肉,肺   肉     lungs   ハイ hai    Strokes: 9
俳   人,俳   人     haiku   ハイ hai    Strokes: 10
班   玉,班   玉     squad   ハン han    Strokes: 10
晩   日,晩   日     nightfall   バン ban    Strokes: 12
否   口,"否   口     negate   ヒ、いな hi, ina    Strokes: 7"
批   手,批   手     criticism   ヒ hi    Strokes: 7
秘   示,"秘   示     secret   ヒ、ひ-める hi, hi-meru    Strokes: 10"
腹   肉,"腹   肉     abdomen   フク、はら fuku, hara    Strokes: 13"
奮   大,"奮   大     stirred up   フン、ふる-う fun, furu-u    Strokes: 16"
並   立,"並   立     line-up   ヘイ、なみ、なら-べる、なら-ぶ、なら-びに hei, nami, nara-beru, nara-bu, nara-bini    Strokes: 8"
陛   阜,陛   阜     highness   ヘイ hei    Strokes: 10
閉   門,"閉   門     closed   ヘイ、と-じる、と-ざす、し-める、し-まる hei, to-jiru, to-zasu, shi-meru, shi-maru    Strokes: 11"
片   片,"片   片     one-sided   ヘン、かた hen, kata    Strokes: 4"
補   衣,"補   衣     supplement   ホ、おぎな-う ho, ogina-u    Strokes: 12"
暮   日,"暮   日     livelihood   ボ、く-れる、く-らす bo, ku-reru, ku-rasu    Strokes: 14"
宝   宀,"宝   宀     treasure   ホウ、たから hō, takara    Strokes: 8"
訪   言,"訪   言     visit   ホウ、おとず-れる、たず-ねる hō, otozu-reru, tazu-neru    Strokes: 11"
亡   亠,"亡   亠     deceased   ボウ、（モウ）、な-い bō, (mō), na-i    Strokes: 3"
忘   心,"忘   心     forget   ボウ、わす-れる bō, wasu-reru    Strokes: 7"
棒   木,棒   木     rod   ボウ bō    Strokes: 12
枚   木,枚   木     sheet of...   マイ mai    Strokes: 8
幕   巾,"幕   巾     curtain   マク、バク maku, baku    Strokes: 13"
密   宀,密   宀     secrecy   ミツ mitsu    Strokes: 11
盟   皿,盟   皿     alliance   メイ mei    Strokes: 13
模   木,"模   木     imitation   モ、ボ mo, bo    Strokes: 14"
訳   言,"訳   言     translate   ヤク、わけ yaku, wake    Strokes: 11"
郵   邑,郵   邑     mail   ユウ yū    Strokes: 11
優   人,"優   人     superior   ユウ、やさ-しい、すぐ-れる yū, yasa-shii, sugu-reru    Strokes: 17"
幼   幺,"幼   幺     infancy   ヨウ、おさな-い yō, osana-i    Strokes: 5"
欲   欠,"欲   欠     longing   ヨク、ほっ-する、ほ-しい yoku, ho'-suru, ho-shii    Strokes: 11"
翌   羽,翌   羽     the following   ヨク yoku    Strokes: 11
乱   乙,"乱   乙     riot   ラン、みだ-れる、みだ-す ran, mida-reru, mida-su    Strokes: 7"
卵   卩,"卵   卩     egg   ラン、たまご ran, tamago    Strokes: 7"
覧   見,覧   見     perusal   ラン ran    Strokes: 17
裏   衣,"裏   衣     back   リ、うら ri, ura    Strokes: 13"
律   彳,"律   彳     law   リツ、（リチ） ritsu, (richi)    Strokes: 9"
臨   臣,"臨   臣     look to   リン、のぞ-む rin, nozo-mu    Strokes: 18"
朗   月,"朗   月     melodious   ロウ、ほが-らか rō, hoga-raka    Strokes: 10"
論   言,論   言     theory   ロン ron    Strokes: 15
亜   二,亜   二     sub-   ア a    Strokes: 7
哀   口,"哀   口     pathetic   アイ、あわ-れ、あわ-れむ ai, awa-re, awa-remu    Strokes: 9"
挨   手,挨   手     push open   アイ ai    Strokes: 10
曖   日,曖   日     not clear   アイ ai    Strokes: 17
握   手,"握   手     grip   アク、にぎ-る aku, nigi-ru    Strokes: 12"
扱   手,扱   手     handle   あつか-う atsuka-u    Strokes: 6
宛   宀,宛   宀     allocate   あ-てる a-teru    Strokes: 8
嵐   山,嵐   山     storm   あらし arashi    Strokes: 12
依   人,"依   人     reliant   イ、（エ） i, (e)    Strokes: 8"
威   女,威   女     intimidate   イ i    Strokes: 9
為   爪,為   爪     do   イ i    Strokes: 9
畏   田,"畏   田     fear   イ、おそ-れる i, oso-reru    Strokes: 9"
尉   寸,尉   寸     military officer   イ i    Strokes: 11
萎   艸,"萎   艸     wither   イ、な-える i, na-eru    Strokes: 11"
偉   人,"偉   人     admirable   イ、えら-い i, era-i    Strokes: 12"
椅   木,椅   木     chair   イ i    Strokes: 12
彙   彐,彙   彐     same kind   イ i    Strokes: 13
違   辵,"違   辵     differ   イ、ちが-う、ちが-える i, chiga-u, chiga-eru    Strokes: 13"
維   糸,維   糸     fiber   イ i    Strokes: 14
慰   心,"慰   心     consolation   イ、なぐさ-める、なぐさ-む i, nagusa-meru, nagusa-mu    Strokes: 15"
緯   糸,緯   糸     horizontal   イ i    Strokes: 16
壱   士,壱   士     one (falsification prevention)   イチ ichi    Strokes: 7
逸   辵,逸   辵     deviate   イツ itsu    Strokes: 11
茨   艸,茨   艸     thorn   （いばら）[6] (ibara)    Strokes: 9
芋   艸,芋   艸     potato   いも imo    Strokes: 6
咽   口,咽   口     throat   イン in    Strokes: 9
姻   女,姻   女     matrimony   イン in    Strokes: 9
淫   水,"淫   水     lewdness   イン、みだ-ら in, mida-ra    Strokes: 11"
陰   阜,"陰   阜     shade   イン、かげ、かげ-る in, kage, kage-ru    Strokes: 11"
隠   阜,"隠   阜     conceal   イン、かく-す、かく-れる in, kaku-su, kaku-reru    Strokes: 14"
韻   音,韻   音     rhyme   イン in    Strokes: 19
唄   口,唄   口     songs with shamisen   （うた） (uta)    Strokes: 10
鬱   鬯,鬱   鬯     gloom   ウツ utsu    Strokes: 29
畝   田,畝   田     furrow   うね une    Strokes: 10
浦   水,浦   水     bay   うら ura    Strokes: 10
詠   言,"詠   言     recitation   エイ、よ-む ei, yo-mu    Strokes: 12"
影   彡,"影   彡     shadow   エイ、かげ ei, kage    Strokes: 15"
鋭   金,"鋭   金     pointed   エイ、するど-い ei, surudo-i    Strokes: 15"
疫   疒,"疫   疒     epidemic   エキ、（ヤク） eki, (yaku)    Strokes: 9"
悦   心,悦   心     ecstasy   エツ etsu    Strokes: 10
越   走,"越   走     cross over   エツ、こ-す、こ-える etsu, ko-su, ko-eru    Strokes: 12"
謁   言,謁   言     audience   エツ etsu    Strokes: 15
閲   門,閲   門     review   エツ etsu    Strokes: 15
炎   火,"炎   火     inflammation   エン、ほのお en, honoo    Strokes: 8"
怨   心,"怨   心     grudge   エン、オン en, on    Strokes: 9"
宴   宀,宴   宀     banquet   エン en    Strokes: 10
媛   女,媛   女     princess   エン en    Strokes: 12
援   手,援   手     aid   エン en    Strokes: 12
煙   火,"煙   火     smoke   エン、けむ-る、けむり、けむ-い en, kemu-ru, kemuri, kemu-i    Strokes: 13"
猿   犬,"猿   犬     monkey   エン、さる en, saru    Strokes: 13"
鉛   金,"鉛   金     lead   エン、なまり en, namari    Strokes: 13"
縁   糸,"縁   糸     affinity   エン、ふち en, fuchi    Strokes: 15"
艶   色,"艶   色     glossy   エン、つや en, tsuya    Strokes: 19"
汚   水,"汚   水     dirty   オ、けが-す、けが-れる、けが-らわしい、よご-す、よご-れる、きたな-い o, kega-su, kega-reru, kega-rawashii, yogo-su, yogo-reru, kitana-i    Strokes: 6"
凹   凵,凹   凵     concave   オウ ō    Strokes: 5
押   手,"押   手     push   オウ、お-す、お-さえる ō, o-su, o-saeru    Strokes: 8"
旺   日,旺   日     flourishing   オウ ō    Strokes: 8
欧   欠,欧   欠     Europe   オウ ō    Strokes: 8
殴   殳,"殴   殳     assault   オウ、なぐ-る ō, nagu-ru    Strokes: 8"
翁   羽,翁   羽     venerable old man   オウ ō    Strokes: 10
奥   大,"奥   大     heart   オウ、おく ō, oku    Strokes: 12"
岡   山,岡   山     hill   （おか）[6] (oka)    Strokes: 8
憶   心,憶   心     recollection   オク oku    Strokes: 16
臆   肉,臆   肉     timidity   オク oku    Strokes: 17
虞   虍,虞   虍     uneasiness   おそれ osore    Strokes: 13
乙   乙,乙   乙     the latter   オツ otsu    Strokes: 1
俺   人,"俺   人     I, we   おれ ore    Strokes: 10"
卸   卩,"卸   卩     wholesale   おろ-す、おろし oro-su, oroshi    Strokes: 9"
穏   禾,"穏   禾     calm   オン、おだ-やか on, oda-yaka    Strokes: 16"
佳   人,佳   人     excellent   カ ka    Strokes: 8
苛   艸,苛   艸     torment   カ ka    Strokes: 8
架   木,"架   木     rack   カ、か-ける、か-かる ka, ka-keru, ka-karu    Strokes: 9"
華   艸,"華   艸     splendor   カ、（ケ）、はな ka, (ke), hana    Strokes: 10"
菓   艸,菓   艸     confectionery   カ ka    Strokes: 11
渦   水,"渦   水     whirlpool   カ、うず ka, uzu    Strokes: 12"
嫁   女,"嫁   女     marry into   カ、よめ、とつ-ぐ ka, yome, totsu-gu    Strokes: 13"
暇   日,"暇   日     spare time   カ、ひま ka, hima    Strokes: 13"
禍   示,禍   示     calamity   カ ka    Strokes: 13
靴   革,"靴   革     shoes   カ、くつ ka, kutsu    Strokes: 13"
寡   宀,寡   宀     widow   カ ka    Strokes: 14
箇   竹,箇   竹     counters for things   カ ka    Strokes: 14
稼   禾,"稼   禾     earnings   カ、かせ-ぐ ka, kase-gu    Strokes: 15"
蚊   虫,蚊   虫     mosquito   か ka    Strokes: 10
牙   牙,"牙   牙     tusk   ガ、（ゲ）、きば ga, (ge), kiba    Strokes: 4"
瓦   瓦,"瓦   瓦     tile   ガ、かわら ga, kawara    Strokes: 5"
雅   隹,雅   隹     gracious   ガ ga    Strokes: 13
餓   食,餓   食     starve   ガ ga    Strokes: 15
介   人,介   人     jammed in   カイ kai    Strokes: 4
戒   戈,"戒   戈     commandment   カイ、いまし-める kai, imashi-meru    Strokes: 7"
怪   心,"怪   心     suspicious   カイ、あや-しい、あや-しむ kai, aya-shii, aya-shimu    Strokes: 8"
拐   手,拐   手     kidnap   カイ kai    Strokes: 8
悔   心,"悔   心     repent   カイ、く-いる、く-やむ、くや-しい kai, ku-iru, ku-yamu, kuya-shii    Strokes: 9"
皆   白,"皆   白     all   カイ、みな kai, mina    Strokes: 9"
塊   土,"塊   土     clod   カイ、かたまり kai, katamari    Strokes: 13"
楷   木,楷   木     square character style   カイ kai    Strokes: 13
潰   水,"潰   水     crush   カイ、つぶ-す、つぶ-れる kai, tsubu-su, tsubu-reru    Strokes: 15"
壊   土,"壊   土     demolition   カイ、こわ-す、こわ-れる kai, kowa-su, kowa-reru    Strokes: 16"
懐   心,"懐   心     pocket   カイ、ふところ、なつ-かしい、なつ-かしむ、なつ-く、なつ-ける kai, futokoro, natsu-kashii, natsu-kashimu, natsu-ku, natsu-keru    Strokes: 16"
諧   言,諧   言     harmony   カイ kai    Strokes: 16
劾   力,劾   力     censure   ガイ gai    Strokes: 8
崖   山,"崖   山     cliff   ガイ、がけ gai, gake    Strokes: 11"
涯   水,涯   水     horizon   ガイ gai    Strokes: 11
慨   心,慨   心     rue   ガイ gai    Strokes: 13
蓋   艸,"蓋   艸     cover   ガイ、ふた gai, futa    Strokes: 13"
該   言,該   言     above-stated   ガイ gai    Strokes: 13
概   木,概   木     outline   ガイ gai    Strokes: 14
骸   骨,骸   骨     dead remains   ガイ gai    Strokes: 16
垣   土,垣   土     hedge   かき kaki    Strokes: 9
柿   木,柿   木     persimmon   かき kaki    Strokes: 9
核   木,核   木     nucleus   カク kaku    Strokes: 10
殻   殳,"殻   殳     husk   カク、から kaku, kara    Strokes: 11"
郭   邑,郭   邑     enclosure   カク kaku    Strokes: 11
較   車,較   車     contrast   カク kaku    Strokes: 13
隔   阜,"隔   阜     isolate   カク、へだ-てる、へだ-たる kaku, heda-teru, heda-taru    Strokes: 13"
獲   犬,"獲   犬     seize   カク、え-る kaku, e-ru    Strokes: 16"
嚇   口,嚇   口     menacing   カク kaku    Strokes: 17
穫   禾,穫   禾     harvest   カク kaku    Strokes: 18
岳   山,"岳   山     point   ガク、たけ gaku, take    Strokes: 8"
顎   頁,"顎   頁     jaw   ガク、あご gaku, ago    Strokes: 18"
掛   手,"掛   手     hang   か-ける、か-かる、かかり ka-keru, ka-karu, kakari    Strokes: 11"
潟   水,潟   水     lagoon   かた kata    Strokes: 15
括   手,括   手     fasten   カツ katsu    Strokes: 9
喝   口,喝   口     hoarse   カツ katsu    Strokes: 11
渇   水,"渇   水     thirst   カツ、かわ-く katsu, kawa-ku    Strokes: 11"
葛   艸,"葛   艸     arrowroot   カツ、くず katsu, kuzu    Strokes: 12"
滑   水,"滑   水     slippery   カツ、コツ、すべ-る、なめ-らか katsu, kotsu, sube-ru, name-raka    Strokes: 13"
褐   衣,褐   衣     brown   カツ katsu    Strokes: 13
轄   車,轄   車     control   カツ katsu    Strokes: 17
且   一,且   一     moreover   か-つ ka-tsu    Strokes: 5
釜   金,釜   金     kettle   かま kama    Strokes: 10
鎌   金,鎌   金     sickle   かま kama    Strokes: 18
刈   刀,刈   刀     reap   か-る ka-ru    Strokes: 4
甘   甘,"甘   甘     sweet   カン、あま-い、あま-える、あま-やかす kan, ama-i, ama-eru, ama-yakasu    Strokes: 5"
汗   水,"汗   水     sweat   カン、あせ kan, ase    Strokes: 6"
缶   缶,缶   缶     tin can   カン kan    Strokes: 6
肝   肉,"肝   肉     liver   カン、きも kan, kimo    Strokes: 7"
冠   冖,"冠   冖     crown   カン、かんむり kan, kanmuri    Strokes: 9"
陥   阜,"陥   阜     collapse   カン、おちい-る、おとしい-れる kan, ochii-ru, otoshii-reru    Strokes: 10"
乾   乙,"乾   乙     dry   カン、かわ-く、かわ-かす kan, kawa-ku, kawa-kasu    Strokes: 11"
勘   力,勘   力     intuition   カン kan    Strokes: 11
患   心,"患   心     afflicted   カン、わずら-う kan, wazura-u    Strokes: 11"
貫   貝,"貫   貝     pierce   カン、つらぬ-く kan, tsuranu-ku    Strokes: 11"
喚   口,喚   口     yell   カン kan    Strokes: 12
堪   土,"堪   土     withstand   カン、た-える kan, ta-eru    Strokes: 12"
換   手,"換   手     interchange   カン、か-える、か-わる kan, ka-eru, ka-waru    Strokes: 12"
敢   攴,敢   攴     daring   カン kan    Strokes: 12
棺   木,棺   木     coffin   カン kan    Strokes: 12
款   欠,款   欠     goodwill   カン kan    Strokes: 12
閑   門,閑   門     leisure   カン kan    Strokes: 12
勧   力,"勧   力     persuade   カン、すす-める kan, susu-meru    Strokes: 13"
寛   宀,寛   宀     tolerant   カン kan    Strokes: 13
歓   欠,歓   欠     delight   カン kan    Strokes: 15
監   皿,監   皿     oversee   カン kan    Strokes: 15
緩   糸,"緩   糸     slacken   カン、ゆる-い、ゆる-やか、ゆる-む、ゆる-める kan, yuru-i, yuru-yaka, yuru-mu, yuru-meru    Strokes: 15"
憾   心,憾   心     remorse   カン kan    Strokes: 16
還   辵,還   辵     send back   カン kan    Strokes: 16
環   玉,環   玉     ring   カン kan    Strokes: 17
韓   韋,韓   韋     Korea   カン kan    Strokes: 18
艦   舟,艦   舟     warship   カン kan    Strokes: 21
鑑   金,"鑑   金     specimen   カン、かんが-みる kan, kanga-miru    Strokes: 23"
含   口,"含   口     include   ガン、ふく-む、ふく-める gan, fuku-mu, fuku-meru    Strokes: 7"
玩   玉,玩   玉     trifle with   ガン gan    Strokes: 8
頑   頁,頑   頁     stubborn   ガン gan    Strokes: 13
企   人,"企   人     plan   キ、くわだ-てる ki, kuwada-teru    Strokes: 6"
伎   人,伎   人     deed   キ ki    Strokes: 6
岐   山,岐   山     branch off   キ ki    Strokes: 7
忌   心,"忌   心     mourning   キ、い-む、い-まわしい ki, i-mu, i-mawashii    Strokes: 7"
奇   大,奇   大     strange   キ ki    Strokes: 8
祈   示,"祈   示     pray   キ、いの-る ki, ino-ru    Strokes: 8"
軌   車,軌   車     rut   キ ki    Strokes: 9
既   无,"既   无     previously   キ、すで-に ki, sude-ni    Strokes: 10"
飢   食,"飢   食     hungry   キ、う-える ki, u-eru    Strokes: 10"
鬼   鬼,"鬼   鬼     ghost   キ、おに ki, oni    Strokes: 10"
亀   龜,"亀   龜     turtle   キ、かめ ki, kame    Strokes: 11"
幾   幺,"幾   幺     how many   キ、いく ki, iku    Strokes: 12"
棋   木,棋   木     chess piece   キ ki    Strokes: 12
棄   木,棄   木     abandon   キ ki    Strokes: 13
毀   殳,毀   殳     destroy   キ ki    Strokes: 13
畿   田,畿   田     capital   キ ki    Strokes: 15
輝   車,"輝   車     radiance   キ、かがや-く ki, kagaya-ku    Strokes: 15"
騎   馬,騎   馬     equestrian   キ ki    Strokes: 18
宜   宀,宜   宀     best regards   ギ gi    Strokes: 8
偽   人,"偽   人     falsehood   ギ、いつわ-る、にせ gi, itsuwa-ru, nise    Strokes: 11"
欺   欠,"欺   欠     deceit   ギ、あざむ-く gi, azamu-ku    Strokes: 12"
儀   人,儀   人     ceremony   ギ gi    Strokes: 15
戯   戈,"戯   戈     frolic   ギ、たわむ-れる gi, tawamu-reru    Strokes: 15"
擬   手,擬   手     mimic   ギ gi    Strokes: 17
犠   牛,犠   牛     sacrifice   ギ gi    Strokes: 17
菊   艸,菊   艸     chrysanthemum   キク kiku    Strokes: 11
吉   口,"吉   口     good luck   キチ、キツ kichi, kitsu    Strokes: 6"
喫   口,喫   口     consume   キツ kitsu    Strokes: 12
詰   言,"詰   言     packed   キツ、つ-める、つ-まる、つ-む kitsu, tsu-meru, tsu-maru, tsu-mu    Strokes: 13"
却   卩,却   卩     instead   キャク kyaku    Strokes: 7
脚   肉,"脚   肉     leg   キャク、（キャ）、あし kyaku, (kya), ashi    Strokes: 11"
虐   虍,"虐   虍     tyrannize   ギャク、しいた-げる gyaku, shiita-geru    Strokes: 9"
及   又,"及   又     reach out   キュウ、およ-ぶ、およ-び、およ-ぼす kyū, oyo-bu, oyo-bi, oyo-bosu    Strokes: 3"
丘   一,"丘   一     hill   キュウ、おか kyū, oka    Strokes: 5"
朽   木,"朽   木     decay   キュウ、く-ちる kyū, ku-chiru    Strokes: 6"
臼   臼,"臼   臼     mortar   キュウ、うす kyū, usu    Strokes: 6"
糾   糸,糾   糸     twist   キュウ kyū    Strokes: 9
嗅   口,"嗅   口     smell   キュウ、か-ぐ kyū, ka-gu    Strokes: 13"
窮   穴,"窮   穴     hard up   キュウ、きわ-める、きわ-まる kyū, kiwa-meru, kiwa-maru    Strokes: 15"
巨   工,巨   工     gigantic   キョ kyo    Strokes: 5
拒   手,"拒   手     repel   キョ、こば-む kyo, koba-mu    Strokes: 8"
拠   手,"拠   手     foothold   キョ、コ kyo, ko    Strokes: 8"
虚   虍,"虚   虍     void   キョ、（コ） kyo, (ko)    Strokes: 11"
距   足,距   足     long-distance   キョ kyo    Strokes: 12
御   彳,"御   彳     honorable   ギョ、ゴ、おん gyo, go, on    Strokes: 12"
凶   凵,凶   凵     villain   キョウ kyō    Strokes: 4
叫   口,"叫   口     shout   キョウ、さけ-ぶ kyō, sake-bu    Strokes: 6"
狂   犬,"狂   犬     lunatic   キョウ、くる-う、くる-おしい kyō, kuru-u, kuru-oshii    Strokes: 7"
享   亠,享   亠     receive   キョウ kyō    Strokes: 8
況   水,況   水     condition   キョウ kyō    Strokes: 8
峡   山,峡   山     gorge   キョウ kyō    Strokes: 9
挟   手,"挟   手     pinch   キョウ、はさ-む、はさ-まる kyō, hasa-mu, hasa-maru    Strokes: 9"
狭   犬,"狭   犬     cramped   キョウ、せま-い、せば-める、せば-まる kyō, sema-i, seba-meru, seba-maru    Strokes: 9"
恐   心,"恐   心     fear   キョウ、おそ-れる、おそ-ろしい kyō, oso-reru, oso-roshii    Strokes: 10"
恭   心,"恭   心     respect   キョウ、うやうや-しい kyō, uyauya-shii    Strokes: 10"
脅   肉,"脅   肉     threaten   キョウ、おびや-かす、おど-す、おど-かす kyō, obiya-kasu, odo-su, odo-kasu    Strokes: 10"
矯   矢,"矯   矢     rectify   キョウ、た-める kyō, ta-meru    Strokes: 17"
響   音,"響   音     echo   キョウ、ひび-く kyō, hibi-ku    Strokes: 20"
驚   馬,"驚   馬     wonder   キョウ、おどろ-く、おどろ-かす kyō, odoro-ku, odoro-kasu    Strokes: 22"
仰   人,"仰   人     face-up   ギョウ、（コウ）、あお-ぐ、おお-せ gyō, (kō), ao-gu, oo-se    Strokes: 6"
暁   日,"暁   日     daybreak   ギョウ、あかつき gyō, akatsuki    Strokes: 12"
凝   冫,"凝   冫     congeal   ギョウ、こ-る、こ-らす gyō, ko-ru, ko-rasu    Strokes: 16"
巾   巾,巾   巾     towel   キン kin    Strokes: 3
斤   斤,斤   斤     axe   キン kin    Strokes: 4
菌   艸,菌   艸     germ   キン kin    Strokes: 11
琴   玉,"琴   玉     harp   キン、こと kin, koto    Strokes: 12"
僅   人,"僅   人     a wee bit   キン、わず-か kin, wazu-ka    Strokes: 13"
緊   糸,緊   糸     tense   キン kin    Strokes: 15
錦   金,"錦   金     brocade   キン、にしき kin, nishiki    Strokes: 16"
謹   言,"謹   言     discreet   キン、つつし-む kin, tsutsushi-mu    Strokes: 17"
襟   衣,"襟   衣     collar   キン、えり kin, eri    Strokes: 18"
吟   口,吟   口     versify   ギン gin    Strokes: 7
駆   馬,"駆   馬     drive   ク、か-ける、か-る ku, ka-keru, ka-ru    Strokes: 14"
惧   心,惧   心     dread   グ gu    Strokes: 11
愚   心,"愚   心     foolish   グ、おろ-か gu, oro-ka    Strokes: 13"
偶   人,偶   人     accidentally   グウ gū    Strokes: 11
遇   辵,遇   辵     interview   グウ gū    Strokes: 12
隅   阜,"隅   阜     corner   グウ、すみ gū, sumi    Strokes: 12"
串   丨,串   丨     skewer   くし kushi    Strokes: 7
屈   尸,屈   尸     yield   クツ kutsu    Strokes: 8
掘   手,"掘   手     dig   クツ、ほ-る kutsu, ho-ru    Strokes: 11"
窟   穴,窟   穴     cavern   クツ kutsu    Strokes: 13
熊   火,熊   火     bear   くま kuma    Strokes: 14
繰   糸,繰   糸     winding   く-る ku-ru    Strokes: 19
勲   力,勲   力     meritorious deed   クン kun    Strokes: 15
薫   艸,"薫   艸     fragrant   クン、かお-る kun, kao-ru    Strokes: 16"
刑   刀,刑   刀     punish   ケイ kei    Strokes: 6
茎   艸,"茎   艸     stalk   ケイ、くき kei, kuki    Strokes: 8"
契   大,"契   大     pledge   ケイ、ちぎ-る kei, chigi-ru    Strokes: 9"
恵   心,"恵   心     favor   ケイ、エ、めぐ-む kei, e, megu-mu    Strokes: 10"
啓   口,啓   口     disclose   ケイ kei    Strokes: 11
掲   手,"掲   手     put up (a notice)   ケイ、かか-げる kei, kaka-geru    Strokes: 11"
渓   水,渓   水     mountain stream   ケイ kei    Strokes: 11
蛍   虫,"蛍   虫     lightning-bug   ケイ、ほたる kei, hotaru    Strokes: 11"
傾   人,"傾   人     lean   ケイ、かたむ-く、かたむ-ける kei, katamu-ku, katamu-keru    Strokes: 13"
携   手,"携   手     portable   ケイ、たずさ-える、たずさ-わる kei, tazusa-eru, tazusa-waru    Strokes: 13"
継   糸,"継   糸     inherit   ケイ、つ-ぐ kei, tsu-gu    Strokes: 13"
詣   言,"詣   言     visit a temple   ケイ、もう-でる kei, mō-deru    Strokes: 13"
慶   心,慶   心     jubilation   ケイ kei    Strokes: 15
憬   心,憬   心     long for   ケイ kei    Strokes: 15
稽   禾,稽   禾     consider   ケイ kei    Strokes: 15
憩   心,"憩   心     recess   ケイ、いこ-い、いこ-う kei, iko-i, iko-u    Strokes: 16"
鶏   鳥,"鶏   鳥     chicken   ケイ、にわとり kei, niwatori    Strokes: 19"
迎   辵,"迎   辵     welcome   ゲイ、むか-える gei, muka-eru    Strokes: 7"
鯨   魚,"鯨   魚     whale   ゲイ、くじら gei, kujira    Strokes: 19"
隙   阜,"隙   阜     fissure   ゲキ、すき geki, suki    Strokes: 13"
撃   手,"撃   手     beat   ゲキ、う-つ geki, u-tsu    Strokes: 15"
桁   木,桁   木     beam   けた keta    Strokes: 10
傑   人,傑   人     greatness   ケツ ketsu    Strokes: 13
肩   肉,"肩   肉     shoulder   ケン、かた ken, kata    Strokes: 8"
倹   人,倹   人     frugal   ケン ken    Strokes: 10
兼   八,"兼   八     concurrently   ケン、か-ねる ken, ka-neru    Strokes: 10"
剣   刀,"剣   刀     sabre   ケン、つるぎ ken, tsurugi    Strokes: 10"
拳   手,"拳   手     fist   ケン、こぶし ken, kobushi    Strokes: 10"
軒   車,"軒   車     flats   ケン、のき ken, noki    Strokes: 10"
圏   囗,圏   囗     sphere   ケン ken    Strokes: 12
堅   土,"堅   土     strict   ケン、かた-い ken, kata-i    Strokes: 12"
嫌   女,"嫌   女     dislike   ケン、（ゲン）、きら-う、いや ken, (gen), kira-u, iya    Strokes: 13"
献   犬,"献   犬     offering   ケン、（コン） ken, (kon)    Strokes: 13"
遣   辵,"遣   辵     dispatch   ケン、つか-う、つか-わす ken, tsuka-u, tsuka-wasu    Strokes: 13"
賢   貝,"賢   貝     intelligent   ケン、かしこ-い ken, kashiko-i    Strokes: 16"
謙   言,謙   言     self-effacing   ケン ken    Strokes: 17
鍵   金,"鍵   金     key   ケン、かぎ ken, kagi    Strokes: 17"
繭   糸,"繭   糸     cocoon   ケン、まゆ ken, mayu    Strokes: 18"
顕   頁,顕   頁     appear   ケン ken    Strokes: 18
懸   心,"懸   心     suspend   ケン、（ケ）、か-ける、か-かる ken, (ke), ka-keru, ka-karu    Strokes: 20"
幻   幺,"幻   幺     phantasm   ゲン、まぼろし gen, maboroshi    Strokes: 4"
玄   玄,玄   玄     mysterious   ゲン gen    Strokes: 5
弦   弓,"弦   弓     bowstring   ゲン、つる gen, tsuru    Strokes: 8"
舷   舟,舷   舟     gunwale   ゲン gen    Strokes: 11
股   肉,"股   肉     crotch   コ、また ko, mata    Strokes: 8"
虎   虍,"虎   虍     tiger   コ、とら ko, tora    Strokes: 8"
孤   子,孤   子     orphan   コ ko    Strokes: 9
弧   弓,弧   弓     arc   コ ko    Strokes: 9
枯   木,"枯   木     wither   コ、か-れる、か-らす ko, ka-reru, ka-rasu    Strokes: 9"
雇   隹,"雇   隹     employ   コ、やと-う ko, yato-u    Strokes: 12"
誇   言,"誇   言     boast   コ、ほこ-る ko, hoko-ru    Strokes: 13"
鼓   鼓,"鼓   鼓     drum   コ、つづみ ko, tsuzumi    Strokes: 13"
錮   金,錮   金     tie up   コ ko    Strokes: 16
顧   頁,"顧   頁     look back   コ、かえり-みる ko, kaeri-miru    Strokes: 21"
互   二,"互   二     mutually   ゴ、たが-い go, taga-i    Strokes: 4"
呉   口,呉   口     give   ゴ go    Strokes: 7
娯   女,娯   女     recreation   ゴ go    Strokes: 10
悟   心,"悟   心     enlightenment   ゴ、さと-る go, sato-ru    Strokes: 10"
碁   石,碁   石     Go   ゴ go    Strokes: 13
勾   勹,勾   勹     capture   コウ kō    Strokes: 4
孔   子,孔   子     cavity   コウ kō    Strokes: 4
巧   工,"巧   工     adroit   コウ、たく-み kō, taku-mi    Strokes: 5"
甲   田,"甲   田     armor   コウ、カン kō, kan    Strokes: 5"
江   水,"江   水     inlet   コウ、え kō, e    Strokes: 6"
坑   土,坑   土     pit   コウ kō    Strokes: 7
抗   手,抗   手     confront   コウ kō    Strokes: 7
攻   攴,"攻   攴     aggression   コウ、せ-める kō, se-meru    Strokes: 7"
更   曰,"更   曰     grow late   コウ、さら、ふ-ける、ふ-かす kō, sara, fu-keru, fu-kasu    Strokes: 7"
拘   手,拘   手     arrest   コウ kō    Strokes: 8
肯   肉,肯   肉     agreement   コウ kō    Strokes: 8
侯   人,侯   人     marquis   コウ kō    Strokes: 9
恒   心,恒   心     constancy   コウ kō    Strokes: 9
洪   水,洪   水     deluge   コウ kō    Strokes: 9
荒   艸,"荒   艸     laid waste   コウ、あら-い、あ-れる、あ-らす kō, ara-i, a-reru, a-rasu    Strokes: 9"
郊   邑,郊   邑     outskirts   コウ kō    Strokes: 9
香   香,"香   香     incense   コウ、（キョウ）、か、かお-り、かお-る kō, (kyō), ka, kao-ri, kao-ru    Strokes: 9"
貢   貝,"貢   貝     tribute   コウ、（ク）、みつ-ぐ kō, (ku), mitsu-gu    Strokes: 10"
控   手,"控   手     withdraw   コウ、ひか-える kō, hika-eru    Strokes: 11"
梗   木,梗   木     close up   コウ kō    Strokes: 11
喉   口,"喉   口     throat   コウ、のど kō, nodo    Strokes: 12"
慌   心,"慌   心     disconcerted   コウ、あわ-てる、あわ-ただしい kō, awa-teru, awa-tadashii    Strokes: 12"
硬   石,"硬   石     stiff   コウ、かた-い kō, kata-i    Strokes: 12"
絞   糸,"絞   糸     strangle   コウ、しぼ-る、し-める、し-まる kō, shibo-ru, shi-meru, shi-maru    Strokes: 12"
項   頁,項   頁     paragraph   コウ kō    Strokes: 12
溝   水,"溝   水     gutter   コウ、みぞ kō, mizo    Strokes: 13"
綱   糸,"綱   糸     hawser   コウ、つな kō, tsuna    Strokes: 14"
酵   酉,酵   酉     fermentation   コウ kō    Strokes: 14
稿   禾,稿   禾     draft   コウ kō    Strokes: 15
衡   行,衡   行     equilibrium   コウ kō    Strokes: 16
購   貝,購   貝     subscription   コウ kō    Strokes: 17
乞   乙,乞   乙     beg   こ-う ko-u    Strokes: 3
拷   手,拷   手     torture   ゴウ gō    Strokes: 9
剛   刀,剛   刀     sturdy   ゴウ gō    Strokes: 10
傲   人,傲   人     be proud   ゴウ gō    Strokes: 13
豪   豕,豪   豕     overpowering   ゴウ gō    Strokes: 14
克   儿,克   儿     overcome   コク koku    Strokes: 7
酷   酉,酷   酉     cruel   コク koku    Strokes: 14
獄   犬,獄   犬     prison   ゴク goku    Strokes: 14
駒   馬,駒   馬     horse   こま koma    Strokes: 15
込   辵,"込   辵     crowded   こ-む、こ-める ko-mu, ko-meru    Strokes: 5"
頃   頁,頃   頁     times   ころ koro    Strokes: 11
昆   日,昆   日     descendants   コン kon    Strokes: 8
恨   心,"恨   心     rancor   コン、うら-む、うら-めしい kon, ura-mu, ura-meshii    Strokes: 9"
婚   女,婚   女     marriage   コン kon    Strokes: 11
痕   疒,"痕   疒     mark   コン、あと kon, ato    Strokes: 11"
紺   糸,紺   糸     dark blue   コン kon    Strokes: 11
魂   鬼,"魂   鬼     soul   コン、たましい kon, tamashii    Strokes: 14"
墾   土,墾   土     ground-breaking   コン kon    Strokes: 16
懇   心,"懇   心     sociable   コン、ねんご-ろ kon, nengo-ro    Strokes: 17"
佐   人,佐   人     help   サ sa    Strokes: 7
沙   水,沙   水     sand   サ sa    Strokes: 7
唆   口,"唆   口     tempt   サ、そそのか-す sa, sosonoka-su    Strokes: 10"
詐   言,詐   言     lie   サ sa    Strokes: 12
鎖   金,"鎖   金     chain   サ、くさり sa, kusari    Strokes: 18"
挫   手,挫   手     sprain   ザ za    Strokes: 10
采   釆,采   釆     form   サイ sai    Strokes: 8
砕   石,"砕   石     smash   サイ、くだ-く、くだ-ける sai, kuda-ku, kuda-keru    Strokes: 9"
宰   宀,宰   宀     superintend   サイ sai    Strokes: 10
栽   木,栽   木     plantation   サイ sai    Strokes: 10
彩   彡,"彩   彡     coloring   サイ、いろど-る sai, irodo-ru    Strokes: 11"
斎   齊,斎   齊     purification   サイ sai    Strokes: 11
債   人,債   人     bond   サイ sai    Strokes: 13
催   人,"催   人     sponsor   サイ、もよお-す sai, moyoo-su    Strokes: 13"
塞   土,"塞   土     obstruct   サイ、ソク、ふさ-ぐ、ふさ-がる sai, soku, fusa-gu, fusa-garu    Strokes: 13"
歳   止,"歳   止     year-end   サイ、（セイ） sai, (sei)    Strokes: 13"
載   車,"載   車     ride   サイ、の-せる、の-る sai, no-seru, no-ru    Strokes: 13"
埼   土,埼   土     cape (geography)   （さい）[6] (sai)    Strokes: 11
剤   刀,剤   刀     dose   ザイ zai    Strokes: 10
崎   山,崎   山     promontory   さき saki    Strokes: 11
削   刀,"削   刀     plane   サク、けず-る saku, kezu-ru    Strokes: 9"
柵   木,柵   木     fence   サク saku    Strokes: 9
索   糸,索   糸     cord   サク saku    Strokes: 10
酢   酉,"酢   酉     vinegar   サク、す saku, su    Strokes: 12"
搾   手,"搾   手     squeeze   サク、しぼ-る saku, shibo-ru    Strokes: 13"
錯   金,錯   金     confused   サク saku    Strokes: 16
咲   口,咲   口     blossom   さ-く sa-ku    Strokes: 9
刹   刀,"刹   刀     temple   サツ、セツ satsu, setsu    Strokes: 8"
拶   手,拶   手     be imminent   サツ satsu    Strokes: 9
撮   手,"撮   手     snapshot   サツ、と-る satsu, to-ru    Strokes: 15"
擦   手,"擦   手     grate   サツ、す-る、す-れる satsu, su-ru, su-reru    Strokes: 17"
桟   木,桟   木     scaffold   サン san    Strokes: 10
惨   心,"惨   心     wretched   サン、ザン、みじ-め san, zan, miji-me    Strokes: 11"
傘   人,"傘   人     umbrella   サン、かさ san, kasa    Strokes: 12"
斬   斤,"斬   斤     kill by slicing   ザン、き-る zan, ki-ru    Strokes: 11"
暫   日,暫   日     temporarily   ザン zan    Strokes: 15
旨   日,"旨   日     delicious   シ、むね shi, mune    Strokes: 6"
伺   人,"伺   人     pay respects   シ、うかが-う shi, ukaga-u    Strokes: 7"
刺   刀,"刺   刀     thorn   シ、さ-す、さ-さる shi, sa-su, sa-saru    Strokes: 8"
祉   示,祉   示     welfare   シ shi    Strokes: 8
肢   肉,肢   肉     limb   シ shi    Strokes: 8
施   方,"施   方     carry out   シ、セ、ほどこ-す shi, se, hodoko-su    Strokes: 9"
恣   心,恣   心     selfish   シ shi    Strokes: 10
脂   肉,"脂   肉     fat   シ、あぶら shi, abura    Strokes: 10"
紫   糸,"紫   糸     purple   シ、むらさき shi, murasaki    Strokes: 12"
嗣   口,嗣   口     heir   シ shi    Strokes: 13
雌   隹,"雌   隹     feminine   シ、め、めす shi, me, mesu    Strokes: 14"
摯   手,摯   手     seriousness   シ shi    Strokes: 15
賜   貝,"賜   貝     grant   シ、たまわ-る shi, tamawa-ru    Strokes: 15"
諮   言,"諮   言     consult with   シ、はか-る shi, haka-ru    Strokes: 16"
侍   人,"侍   人     waiter   ジ、さむらい ji, samurai    Strokes: 8"
滋   水,滋   水     nourishing   ジ ji    Strokes: 12
慈   心,"慈   心     mercy   ジ、いつく-しむ ji, itsuku-shimu    Strokes: 13"
餌   食,"餌   食     bait   ジ、えさ、え ji, esa, e    Strokes: 15"
璽   玉,璽   玉     emperor's seal   ジ ji    Strokes: 19
鹿   鹿,"鹿   鹿     deer   しか、（か）、ロク shika, (ka), roku    Strokes: 11"
軸   車,軸   車     axis   ジク jiku    Strokes: 12
𠮟   口,"𠮟   口     scold   シツ、しか-る shitsu, shika-ru    Strokes: 5"
疾   疒,疾   疒     rapidly   シツ shitsu    Strokes: 10
執   土,"執   土     tenacious   シツ、シュウ、と-る shitsu, shū, to-ru    Strokes: 11"
湿   水,"湿   水     damp   シツ、しめ-る、しめ-す shitsu, shime-ru, shime-su    Strokes: 12"
嫉   女,嫉   女     envy   シツ shitsu    Strokes: 13
漆   水,"漆   水     lacquer   シツ、うるし shitsu, urushi    Strokes: 14"
芝   艸,芝   艸     turf   しば shiba    Strokes: 6
赦   赤,赦   赤     pardon   シャ sha    Strokes: 11
斜   斗,"斜   斗     diagonal   シャ、なな-め sha, nana-me    Strokes: 11"
煮   火,"煮   火     boil   シャ、に-る、に-える、に-やす sha, ni-ru, ni-eru, ni-yasu    Strokes: 12"
遮   辵,"遮   辵     intercept   シャ、さえぎ-る sha, saegi-ru    Strokes: 14"
邪   邑,邪   邑     wicked   ジャ ja    Strokes: 8
蛇   虫,"蛇   虫     snake   ジャ、ダ、へび ja, da, hebi    Strokes: 11"
酌   酉,"酌   酉     bartending   シャク、く-む shaku, ku-mu    Strokes: 10"
釈   釆,釈   釆     explanation   シャク shaku    Strokes: 11
爵   爪,爵   爪     baron   シャク shaku    Strokes: 17
寂   宀,"寂   宀     loneliness   ジャク、（セキ）、さび、さび-しい、さび-れる jaku, (seki), sabi, sabi-shii, sabi-reru    Strokes: 11"
朱   木,朱   木     vermilion   シュ shu    Strokes: 6
狩   犬,"狩   犬     hunt   シュ、か-る、か-り shu, ka-ru, ka-ri    Strokes: 9"
殊   歹,"殊   歹     particularly   シュ、こと shu, koto    Strokes: 10"
珠   玉,珠   玉     pearl   シュ shu    Strokes: 10
腫   肉,"腫   肉     tumor   シュ、は-れる、は-らす shu, ha-reru, ha-rasu    Strokes: 13"
趣   走,"趣   走     gist   シュ、おもむき shu, omomuki    Strokes: 15"
寿   士,"寿   士     longevity   ジュ、ことぶき ju, kotobuki    Strokes: 7"
呪   口,"呪   口     curse   ジュ、のろ-う ju, noro-u    Strokes: 8"
需   雨,需   雨     demand   ジュ ju    Strokes: 14
儒   人,儒   人     Confucian   ジュ ju    Strokes: 16
囚   囗,囚   囗     captured   シュウ shū    Strokes: 5
舟   舟,"舟   舟     boat   シュウ、ふね、（ふな） shū, fune, (funa)    Strokes: 6"
秀   禾,"秀   禾     excel   シュウ、ひい-でる shū, hii-deru    Strokes: 7"
臭   自,"臭   自     stinking   シュウ、くさ-い、にお-う shū, kusa-i, nio-u    Strokes: 9"
袖   衣,"袖   衣     sleeve   シュウ、そで shū, sode    Strokes: 10"
羞   羊,羞   羊     feel ashamed   シュウ shū    Strokes: 11
愁   心,"愁   心     distress   シュウ、うれ-える、うれ-い shū, ure-eru, ure-i    Strokes: 13"
酬   酉,酬   酉     repay   シュウ shū    Strokes: 13
醜   酉,"醜   酉     ugly   シュウ、みにく-い shū, miniku-i    Strokes: 17"
蹴   足,"蹴   足     kick   シュウ、け-る shū, ke-ru    Strokes: 19"
襲   衣,"襲   衣     attack   シュウ、おそ-う shū, oso-u    Strokes: 22"
汁   水,"汁   水     soup   ジュウ、しる jū, shiru    Strokes: 5"
充   儿,"充   儿     allot   ジュウ、あ-てる jū, a-teru    Strokes: 6"
柔   木,"柔   木     tender   ジュウ、ニュウ、やわ-らか、やわ-らかい jū, nyū, yawa-raka, yawa-rakai    Strokes: 9"
渋   水,"渋   水     astringent   ジュウ、しぶ、しぶ-い、しぶ-る jū, shibu, shibu-i, shibu-ru    Strokes: 11"
銃   金,銃   金     gun   ジュウ jū    Strokes: 14
獣   犬,"獣   犬     animal   ジュウ、けもの jū, kemono    Strokes: 16"
叔   又,叔   又     uncle   シュク shuku    Strokes: 8
淑   水,淑   水     graceful   シュク shuku    Strokes: 11
粛   聿,粛   聿     solemn   シュク shuku    Strokes: 11
塾   土,塾   土     cram school   ジュク juku    Strokes: 14
俊   人,俊   人     genius   シュン shun    Strokes: 9
瞬   目,"瞬   目     wink   シュン、またた-く shun, matata-ku    Strokes: 18"
旬   日,"旬   日     10-day period (of the month)   ジュン、（シュン） jun, (shun)    Strokes: 6"
巡   巛,"巡   巛     patrol   ジュン、めぐ-る jun, megu-ru    Strokes: 6"
盾   目,"盾   目     shield   ジュン、たて jun, tate    Strokes: 9"
准   冫,准   冫     quasi-   ジュン jun    Strokes: 10
殉   歹,殉   歹     martyrdom   ジュン jun    Strokes: 10
循   彳,循   彳     sequential   ジュン jun    Strokes: 12
潤   水,"潤   水     wet   ジュン、うるお-う、うるお-す、うる-む jun, uruo-u, uruo-su, uru-mu    Strokes: 15"
遵   辵,遵   辵     abide by   ジュン jun    Strokes: 15
庶   广,庶   广     commoner   ショ sho    Strokes: 11
緒   糸,"緒   糸     thong   ショ、（チョ）、お sho, (cho), o    Strokes: 14"
如   女,"如   女     likeness   ジョ、ニョ jo, nyo    Strokes: 6"
叙   攴,叙   攴     confer   ジョ jo    Strokes: 9
徐   彳,徐   彳     gradually   ジョ jo    Strokes: 10
升   十,"升   十     measuring box   ショウ、ます shō, masu    Strokes: 4"
召   口,"召   口     summon   ショウ、め-す shō, me-su    Strokes: 5"
匠   匚,匠   匚     artisan   ショウ shō    Strokes: 6
床   广,"床   广     bed   ショウ、とこ、ゆか shō, toko, yuka    Strokes: 7"
抄   手,抄   手     extract   ショウ shō    Strokes: 7
肖   肉,肖   肉     resemblance   ショウ shō    Strokes: 7
尚   小,尚   小     esteem   ショウ shō    Strokes: 8
昇   日,"昇   日     rise up   ショウ、のぼ-る shō, nobo-ru    Strokes: 8"
沼   水,"沼   水     marsh   ショウ、ぬま shō, numa    Strokes: 8"
宵   宀,"宵   宀     wee hours   ショウ、よい shō, yoi    Strokes: 10"
症   疒,症   疒     symptoms   ショウ shō    Strokes: 10
祥   示,祥   示     auspicious   ショウ shō    Strokes: 10
称   禾,称   禾     appellation   ショウ shō    Strokes: 10
渉   水,渉   水     ford   ショウ shō    Strokes: 11
紹   糸,紹   糸     introduce   ショウ shō    Strokes: 11
訟   言,訟   言     sue   ショウ shō    Strokes: 11
掌   手,掌   手     manipulate   ショウ shō    Strokes: 12
晶   日,晶   日     sparkle   ショウ shō    Strokes: 12
焦   火,"焦   火     char   ショウ、こ-げる、こ-がす、こ-がれる、あせ-る shō, ko-geru, ko-gasu, ko-gareru, ase-ru    Strokes: 12"
硝   石,硝   石     nitrate   ショウ shō    Strokes: 12
粧   米,粧   米     cosmetics   ショウ shō    Strokes: 12
詔   言,"詔   言     imperial edict   ショウ、みことのり shō, mikotonori    Strokes: 12"
奨   大,奨   大     exhort   ショウ shō    Strokes: 13
詳   言,"詳   言     detailed   ショウ、くわ-しい shō, kuwa-shii    Strokes: 13"
彰   彡,彰   彡     patent   ショウ shō    Strokes: 14
憧   心,"憧   心     desire   ショウ、あこが-れる shō, akoga-reru    Strokes: 15"
衝   行,衝   行     collide   ショウ shō    Strokes: 15
償   人,"償   人     reparation   ショウ、つぐな-う shō, tsuguna-u    Strokes: 17"
礁   石,礁   石     reef   ショウ shō    Strokes: 17
鐘   金,"鐘   金     bell   ショウ、かね shō, kane    Strokes: 20"
丈   一,"丈   一     length   ジョウ、たけ jō, take    Strokes: 3"
冗   冖,冗   冖     superfluous   ジョウ jō    Strokes: 4
浄   水,浄   水     clean   ジョウ jō    Strokes: 9
剰   刀,剰   刀     surplus   ジョウ jō    Strokes: 11
畳   田,"畳   田     tatami mat   ジョウ、たた-む、たたみ jō, tata-mu, tatami    Strokes: 12"
縄   糸,"縄   糸     straw rope   ジョウ、なわ jō, nawa    Strokes: 15"
壌   土,壌   土     lot   ジョウ jō    Strokes: 16
嬢   女,嬢   女     lass   ジョウ jō    Strokes: 16
錠   金,錠   金     lock   ジョウ jō    Strokes: 16
譲   言,"譲   言     defer   ジョウ、ゆず-る jō, yuzu-ru    Strokes: 20"
醸   酉,"醸   酉     brew   ジョウ、かも-す jō, kamo-su    Strokes: 20"
拭   手,"拭   手     wipe   ショク、ふ-く、ぬぐ-う shoku, fu-ku, nugu-u    Strokes: 9"
殖   歹,"殖   歹     augment   ショク、ふ-える、ふ-やす shoku, fu-eru, fu-yasu    Strokes: 12"
飾   食,"飾   食     decorate   ショク、かざ-る shoku, kaza-ru    Strokes: 13"
触   角,"触   角     contact   ショク、ふ-れる、さわ-る shoku, fu-reru, sawa-ru    Strokes: 13"
嘱   口,嘱   口     entrust   ショク shoku    Strokes: 15
辱   辰,"辱   辰     embarrass   ジョク、はずかし-める joku, hazukashi-meru    Strokes: 10"
尻   尸,尻   尸     buttocks   しり shiri    Strokes: 5
伸   人,"伸   人     lengthen   シン、の-びる、の-ばす、の-べる shin, no-biru, no-basu, no-beru    Strokes: 7"
芯   艸,芯   艸     core   シン shin    Strokes: 7
辛   辛,"辛   辛     spicy   シン、から-い shin, kara-i    Strokes: 7"
侵   人,"侵   人     encroach   シン、おか-す shin, oka-su    Strokes: 9"
津   水,"津   水     haven   シン、つ shin, tsu    Strokes: 9"
唇   口,"唇   口     lips   シン、くちびる shin, kuchibiru    Strokes: 10"
娠   女,娠   女     with child   シン shin    Strokes: 10
振   手,"振   手     shake   シン、ふ-る、ふ-るう、ふ-れる shin, fu-ru, fu-rū, fu-reru    Strokes: 10"
浸   水,"浸   水     immersed   シン、ひた-す、ひた-る shin, hita-su, hita-ru    Strokes: 10"
紳   糸,紳   糸     sire   シン shin    Strokes: 11
診   言,"診   言     checkup   シン、み-る shin, mi-ru    Strokes: 12"
寝   宀,"寝   宀     lie down   シン、ね-る、ね-かす shin, ne-ru, ne-kasu    Strokes: 13"
慎   心,"慎   心     humility   シン、つつし-む shin, tsutsushi-mu    Strokes: 13"
審   宀,審   宀     examine   シン shin    Strokes: 15
震   雨,"震   雨     quake   シン、ふる-う、ふる-える shin, furu-u, furu-eru    Strokes: 15"
薪   艸,"薪   艸     fuel   シン、たきぎ shin, takigi    Strokes: 16"
刃   刀,"刃   刀     blade   ジン、は jin, ha    Strokes: 3"
尽   皿,"尽   皿     exhaust   ジン、つ-くす、つ-きる、つ-かす jin, tsu-kusu, tsu-kiru, tsu-kasu    Strokes: 6"
迅   辵,迅   辵     swift   ジン jin    Strokes: 6
甚   甘,"甚   甘     tremendously   ジン、はなは-だ、はなは-だしい jin, hanaha-da, hanaha-dashii    Strokes: 9"
陣   阜,陣   阜     camp   ジン jin    Strokes: 10
尋   寸,"尋   寸     inquire   ジン、たず-ねる jin, tazu-neru    Strokes: 12"
腎   肉,腎   肉     kidney   ジン jin    Strokes: 13
須   頁,須   頁     by all means   ス su    Strokes: 12
吹   口,"吹   口     blow   スイ、ふ-く sui, fu-ku    Strokes: 7"
炊   火,"炊   火     cook   スイ、た-く sui, ta-ku    Strokes: 8"
帥   巾,帥   巾     commander   スイ sui    Strokes: 9
粋   米,"粋   米     chic   スイ、いき sui, iki    Strokes: 10"
衰   衣,"衰   衣     decline   スイ、おとろ-える sui, otoro-eru    Strokes: 10"
酔   酉,"酔   酉     drunk   スイ、よ-う sui, yo-u    Strokes: 11"
遂   辵,"遂   辵     consummate   スイ、と-げる sui, to-geru    Strokes: 12"
睡   目,睡   目     drowsy   スイ sui    Strokes: 13
穂   禾,"穂   禾     ear   スイ、ほ sui, ho    Strokes: 15"
随   阜,随   阜     follow   ズイ zui    Strokes: 12
髄   骨,髄   骨     marrow   ズイ zui    Strokes: 19
枢   木,枢   木     hinge   スウ sū    Strokes: 8
崇   山,崇   山     adore   スウ sū    Strokes: 11
据   手,"据   手     set   す-える、す-わる su-eru, su-waru    Strokes: 11"
杉   木,杉   木     cedar   すぎ sugi    Strokes: 7
裾   衣,裾   衣     cuff   すそ suso    Strokes: 13
瀬   水,瀬   水     rapids   せ se    Strokes: 19
是   日,是   日     just so   ゼ ze    Strokes: 9
井   二,"井   二     well   セイ、（ショウ）、い sei, (shō), i    Strokes: 4"
姓   女,"姓   女     surname   セイ、ショウ sei, shō    Strokes: 8"
征   彳,征   彳     subjugate   セイ sei    Strokes: 8
斉   齊,斉   齊     adjusted   セイ sei    Strokes: 8
牲   牛,牲   牛     animal sacrifice   セイ sei    Strokes: 9
凄   冫,凄   冫     uncanny   セイ sei    Strokes: 10
逝   辵,"逝   辵     departed   セイ、ゆ-く、い-く sei, yu-ku, i-ku    Strokes: 10"
婿   女,"婿   女     bridegroom   セイ、むこ sei, muko    Strokes: 12"
誓   言,"誓   言     vow   セイ、ちか-う sei, chika-u    Strokes: 14"
請   言,"請   言     solicit   セイ、（シン）、こ-う、う-ける sei, (shin), ko-u, u-keru    Strokes: 15"
醒   酉,醒   酉     be disillusioned   セイ sei    Strokes: 16
斥   斤,斥   斤     reject   セキ seki    Strokes: 5
析   木,析   木     chop   セキ seki    Strokes: 8
脊   肉,脊   肉     stature   セキ seki    Strokes: 10
隻   隹,隻   隹     vessels   セキ seki    Strokes: 10
惜   心,"惜   心     pity   セキ、お-しい、お-しむ seki, o-shii, o-shimu    Strokes: 11"
戚   戈,戚   戈     grieve   セキ seki    Strokes: 11
跡   足,"跡   足     tracks   セキ、あと seki, ato    Strokes: 13"
籍   竹,籍   竹     enroll   セキ seki    Strokes: 20
拙   手,"拙   手     bungling   セツ、つたな-い setsu, tsutana-i    Strokes: 8"
窃   穴,窃   穴     stealth   セツ setsu    Strokes: 9
摂   手,摂   手     vicarious   セツ setsu    Strokes: 13
仙   人,仙   人     hermit   セン sen    Strokes: 5
占   卜,"占   卜     fortune telling   セン、し-める、うらな-う sen, shi-meru, urana-u    Strokes: 5"
扇   戶,"扇   戶     fan   セン、おうぎ sen, ōgi    Strokes: 10"
栓   木,栓   木     plug   セン sen    Strokes: 10
旋   方,旋   方     rotation   セン sen    Strokes: 11
煎   火,"煎   火     broil   セン、い-る sen, i-ru    Strokes: 13"
羨   羊,"羨   羊     envy   セン、うらや-む、うらや-ましい sen, uraya-mu, uraya-mashii    Strokes: 13"
腺   肉,腺   肉     gland   セン sen    Strokes: 13
詮   言,詮   言     discussion   セン sen    Strokes: 13
践   足,践   足     tread   セン sen    Strokes: 13
箋   竹,箋   竹     paper   セン sen    Strokes: 14
潜   水,"潜   水     submerge   セン、ひそ-む、もぐ-る sen, hiso-mu, mogu-ru    Strokes: 15"
遷   辵,遷   辵     transition   セン sen    Strokes: 15
薦   艸,"薦   艸     recommend   セン、すす-める sen, susu-meru    Strokes: 16"
繊   糸,繊   糸     slender   セン sen    Strokes: 17
鮮   魚,"鮮   魚     fresh   セン、あざ-やか sen, aza-yaka    Strokes: 17"
禅   示,禅   示     Zen   ゼン zen    Strokes: 13
漸   水,漸   水     steadily   ゼン zen    Strokes: 14
膳   肉,膳   肉     tray   ゼン zen    Strokes: 16
繕   糸,"繕   糸     darning   ゼン、つくろ-う zen, tsukuro-u    Strokes: 18"
狙   犬,"狙   犬     aim at   ソ、ねら-う so, nera-u    Strokes: 8"
阻   阜,"阻   阜     thwart   ソ、はば-む so, haba-mu    Strokes: 8"
租   禾,租   禾     tariff   ソ so    Strokes: 10
措   手,措   手     set aside   ソ so    Strokes: 11
粗   米,"粗   米     coarse   ソ、あら-い so, ara-i    Strokes: 11"
疎   疋,"疎   疋     alienate   ソ、うと-い、うと-む so, uto-i, uto-mu    Strokes: 12"
訴   言,"訴   言     sue   ソ、うった-える so, utta-eru    Strokes: 12"
塑   土,塑   土     model   ソ so    Strokes: 13
遡   辵,"遡   辵     go upstream   ソ、さかのぼ-る so, sakanobo-ru    Strokes: 14"
礎   石,"礎   石     cornerstone   ソ、いしずえ so, ishizue    Strokes: 18"
双   隹,"双   隹     pair   ソウ、ふた sō, futa    Strokes: 4"
壮   士,壮   士     robust   ソウ sō    Strokes: 6
荘   艸,荘   艸     villa   ソウ sō    Strokes: 9
捜   手,"捜   手     search   ソウ、さが-す sō, saga-su    Strokes: 10"
挿   手,"挿   手     insert   ソウ、さ-す sō, sa-su    Strokes: 10"
桑   木,"桑   木     mulberry   ソウ、くわ sō, kuwa    Strokes: 10"
掃   手,"掃   手     sweep   ソウ、は-く sō, ha-ku    Strokes: 11"
曹   曰,曹   曰     cadet   ソウ sō    Strokes: 11
曽   曰,"曽   曰     formerly   ソウ、（ゾ） sō, (zo)    Strokes: 11"
爽   爻,"爽   爻     refreshing   ソウ、さわ-やか sō, sawa-yaka    Strokes: 11"
喪   口,"喪   口     miss   ソウ、も sō, mo    Strokes: 12"
痩   疒,"痩   疒     get thin   ソウ、や-せる sō, ya-seru    Strokes: 12"
葬   艸,"葬   艸     interment   ソウ、ほうむ-る sō, hōmu-ru    Strokes: 12"
僧   人,僧   人     Buddhist priest   ソウ sō    Strokes: 13
遭   辵,"遭   辵     encounter   ソウ、あ-う sō, a-u    Strokes: 14"
槽   木,槽   木     vat   ソウ sō    Strokes: 15
踪   足,踪   足     remains   ソウ sō    Strokes: 15
燥   火,燥   火     parch   ソウ sō    Strokes: 17
霜   雨,"霜   雨     frost   ソウ、しも sō, shimo    Strokes: 17"
騒   馬,"騒   馬     boisterous   ソウ、さわ-ぐ sō, sawa-gu    Strokes: 18"
藻   艸,"藻   艸     seaweed   ソウ、も sō, mo    Strokes: 19"
憎   心,"憎   心     hate   ゾウ、にく-む、にく-い、にく-らしい、にく-しみ zō, niku-mu, niku-i, niku-rashii, niku-shimi    Strokes: 14"
贈   貝,"贈   貝     presents   ゾウ、（ソウ）、おく-る zō, (sō), oku-ru    Strokes: 18"
即   卩,即   卩     instant   ソク soku    Strokes: 7
促   人,"促   人     stimulate   ソク、うなが-す soku, unaga-su    Strokes: 9"
捉   手,"捉   手     capture   ソク、とら-える soku, tora-eru    Strokes: 10"
俗   人,俗   人     vulgar   ゾク zoku    Strokes: 9
賊   貝,賊   貝     burglar   ゾク zoku    Strokes: 13
遜   辵,遜   辵     humble   ソン son    Strokes: 14
汰   水,汰   水     luxury   タ ta    Strokes: 7
妥   女,妥   女     gentle   ダ da    Strokes: 7
唾   口,"唾   口     saliva   ダ、つば da, tsuba    Strokes: 11"
堕   土,堕   土     degenerate   ダ da    Strokes: 12
惰   心,惰   心     lazy   ダ da    Strokes: 12
駄   馬,駄   馬     burdensome   ダ da    Strokes: 14
耐   而,"耐   而     resistant   タイ、た-える tai, ta-eru    Strokes: 9"
怠   心,"怠   心     neglect   タイ、おこた-る、なま-ける tai, okota-ru, nama-keru    Strokes: 9"
胎   肉,胎   肉     womb   タイ tai    Strokes: 9
泰   水,泰   水     peaceful   タイ tai    Strokes: 10
堆   土,堆   土     piled high   タイ tai    Strokes: 11
袋   衣,"袋   衣     sack   タイ、ふくろ tai, fukuro    Strokes: 11"
逮   辵,逮   辵     apprehend   タイ tai    Strokes: 11
替   曰,"替   曰     exchange   タイ、か-える、か-わる tai, ka-eru, ka-waru    Strokes: 12"
滞   水,"滞   水     stagnate   タイ、とどこお-る tai, todokoo-ru    Strokes: 13"
戴   戈,戴   戈     be crowned with   タイ tai    Strokes: 17
滝   水,滝   水     waterfall   たき taki    Strokes: 13
択   手,択   手     choose   タク taku    Strokes: 7
沢   水,"沢   水     swamp   タク、さわ taku, sawa    Strokes: 7"
卓   十,卓   十     eminent   タク taku    Strokes: 8
拓   手,拓   手     clear (the land)   タク taku    Strokes: 8
託   言,託   言     consign   タク taku    Strokes: 10
濯   水,濯   水     laundry   タク taku    Strokes: 17
諾   言,諾   言     consent   ダク daku    Strokes: 15
濁   水,"濁   水     voiced   ダク、にご-る、にご-す daku, nigo-ru, nigo-su    Strokes: 16"
但   人,但   人     however   ただ-し tada-shi    Strokes: 7
脱   肉,"脱   肉     undress   ダツ、ぬ-ぐ、ぬ-げる datsu, nu-gu, nu-geru    Strokes: 11"
奪   大,"奪   大     rob   ダツ、うば-う datsu, uba-u    Strokes: 14"
棚   木,棚   木     shelf   たな tana    Strokes: 12
誰   言,誰   言     who (question word)   だれ dare    Strokes: 15
丹   丶,丹   丶     cinnabar   タン tan    Strokes: 4
旦   日,"旦   日     daybreak   タン、ダン tan, dan    Strokes: 5"
胆   肉,胆   肉     gall bladder   タン tan    Strokes: 9
淡   水,"淡   水     thin   タン、あわ-い tan, awa-i    Strokes: 11"
嘆   口,"嘆   口     sigh   タン、なげ-く、なげ-かわしい tan, nage-ku, nage-kawashii    Strokes: 13"
端   立,"端   立     edge   タン、はし、は、はた tan, hashi, ha, hata    Strokes: 14"
綻   糸,"綻   糸     rip   タン、ほころ-びる tan, hokoro-biru    Strokes: 14"
鍛   金,"鍛   金     forge   タン、きた-える tan, kita-eru    Strokes: 17"
弾   弓,"弾   弓     bullet   ダン、ひ-く、はず-む、たま dan, hi-ku, hazu-mu, tama    Strokes: 12"
壇   土,"壇   土     podium   ダン、（タン） dan, (tan)    Strokes: 16"
恥   心,"恥   心     shame   チ、は-じる、はじ、は-じらう、は-ずかしい chi, ha-jiru, haji, ha-jirau, ha-zukashii    Strokes: 10"
致   至,"致   至     (to) do   チ、いた-す chi, ita-su    Strokes: 10"
遅   辵,"遅   辵     slow   チ、おく-れる、おく-らす、おそ-い chi, oku-reru, oku-rasu, oso-i    Strokes: 12"
痴   疒,痴   疒     stupid   チ chi    Strokes: 13
稚   禾,稚   禾     immature   チ chi    Strokes: 13
緻   糸,緻   糸     fine (not coarse)   チ chi    Strokes: 16
畜   田,畜   田     livestock   チク chiku    Strokes: 10
逐   辵,逐   辵     pursue   チク chiku    Strokes: 10
蓄   艸,"蓄   艸     amass   チク、たくわ-える chiku, takuwa-eru    Strokes: 13"
秩   禾,秩   禾     regularity   チツ chitsu    Strokes: 10
窒   穴,窒   穴     plug up   チツ chitsu    Strokes: 11
嫡   女,嫡   女     legitimate wife   チャク chaku    Strokes: 14
沖   水,"沖   水     open sea   チュウ、おき chū, oki    Strokes: 7"
抽   手,抽   手     pluck   チュウ chū    Strokes: 8
衷   衣,衷   衣     inmost   チュウ chū    Strokes: 10
酎   酉,酎   酉     sake   チュウ chū    Strokes: 10
鋳   金,"鋳   金     casting   チュウ、い-る chū, i-ru    Strokes: 15"
駐   馬,駐   馬     stop-over   チュウ chū    Strokes: 15
弔   弓,"弔   弓     condolences   チョウ、とむら-う chō, tomura-u    Strokes: 4"
挑   手,"挑   手     challenge   チョウ、いど-む chō, ido-mu    Strokes: 9"
彫   彡,"彫   彡     carve   チョウ、ほ-る chō, ho-ru    Strokes: 11"
眺   目,"眺   目     stare   チョウ、なが-める chō, naga-meru    Strokes: 11"
釣   金,"釣   金     angling   チョウ、つ-る chō, tsu-ru    Strokes: 11"
貼   貝,"貼   貝     paste   チョウ、は-る chō, ha-ru    Strokes: 12"
超   走,"超   走     transcend   チョウ、こ-える、こ-す chō, ko-eru, ko-su    Strokes: 12"
跳   足,"跳   足     hop   チョウ、は-ねる、と-ぶ chō, ha-neru, to-bu    Strokes: 13"
徴   彳,徴   彳     indications   チョウ chō    Strokes: 14
嘲   口,"嘲   口     ridicule   チョウ、あざけ-る chō, azake-ru    Strokes: 15"
澄   水,"澄   水     lucidity   チョウ、す-む、す-ます chō, su-mu, su-masu    Strokes: 15"
聴   耳,"聴   耳     listen   チョウ、き-く chō, ki-ku    Strokes: 17"
懲   心,"懲   心     penal   チョウ、こ-りる、こ-らす、こ-らしめる chō, ko-riru, ko-rasu, ko-rashimeru    Strokes: 18"
勅   力,勅   力     imperial order   チョク choku    Strokes: 9
捗   手,捗   手     make progress   チョク choku    Strokes: 10
沈   水,"沈   水     sink   チン、しず-む、しず-める chin, shizu-mu, shizu-meru    Strokes: 7"
珍   玉,"珍   玉     rare   チン、めずら-しい chin, mezura-shii    Strokes: 9"
朕   月,朕   月     majestic plural   チン chin    Strokes: 10
陳   阜,陳   阜     exhibit   チン chin    Strokes: 11
鎮   金,"鎮   金     tranquilize   チン、しず-める、しず-まる chin, shizu-meru, shizu-maru    Strokes: 18"
椎   木,椎   木     oak   ツイ tsui    Strokes: 12
墜   土,墜   土     crash   ツイ tsui    Strokes: 15
塚   土,塚   土     hillock   つか tsuka    Strokes: 12
漬   水,"漬   水     pickling   つ-ける、つ-かる tsu-keru, tsu-karu    Strokes: 14"
坪   土,坪   土     two-mat area   つぼ tsubo    Strokes: 8
爪   爪,"爪   爪     claw   つめ、（つま） tsume, (tsuma)    Strokes: 4"
鶴   鳥,鶴   鳥     crane   つる tsuru    Strokes: 21
呈   口,呈   口     display   テイ tei    Strokes: 7
廷   廴,廷   廴     courts   テイ tei    Strokes: 7
抵   手,抵   手     resist   テイ tei    Strokes: 8
邸   邑,邸   邑     residence   テイ tei    Strokes: 8
亭   亠,亭   亠     pavilion   テイ tei    Strokes: 9
貞   貝,貞   貝     upright   テイ tei    Strokes: 9
帝   巾,帝   巾     sovereign   テイ tei    Strokes: 9
訂   言,訂   言     revise   テイ tei    Strokes: 9
逓   辵,逓   辵     relay   テイ tei    Strokes: 10
偵   人,偵   人     spy   テイ tei    Strokes: 11
堤   土,"堤   土     dike   テイ、つつみ tei, tsutsumi    Strokes: 12"
艇   舟,艇   舟     rowboat   テイ tei    Strokes: 13
締   糸,"締   糸     tighten   テイ、し-まる、し-める tei, shi-maru, shi-meru    Strokes: 15"
諦   言,"諦   言     abandon   テイ、あきら-める tei, akira-meru    Strokes: 16"
泥   水,"泥   水     mud   デイ、どろ dei, doro    Strokes: 8"
摘   手,"摘   手     pinch   テキ、つ-む teki, tsu-mu    Strokes: 14"
滴   水,"滴   水     drip   テキ、しずく、したた-る teki, shizuku, shitata-ru    Strokes: 14"
溺   水,"溺   水     drown   デキ、おぼ-れる deki, obo-reru    Strokes: 13"
迭   辵,迭   辵     transfer   テツ tetsu    Strokes: 8
哲   口,哲   口     philosophy   テツ tetsu    Strokes: 10
徹   彳,徹   彳     penetrate   テツ tetsu    Strokes: 15
撤   手,撤   手     remove   テツ tetsu    Strokes: 15
添   水,"添   水     annexed   テン、そ-える、そ-う ten, so-eru, so-u    Strokes: 11"
塡   土,塡   土     fill in   テン ten    Strokes: 13
殿   殳,"殿   殳     Mr.   デン、テン、との、どの den, ten, tono, dono    Strokes: 13"
斗   斗,斗   斗     Big Dipper   ト to    Strokes: 4
吐   口,"吐   口     spit   ト、は-く to, ha-ku    Strokes: 6"
妬   女,"妬   女     jealousy   ト、ねた-む to, neta-mu    Strokes: 8"
途   辵,途   辵     route   ト to    Strokes: 10
渡   水,"渡   水     transit   ト、わた-る、わた-す to, wata-ru, wata-su    Strokes: 12"
塗   土,"塗   土     paint   ト、ぬ-る to, nu-ru    Strokes: 13"
賭   貝,"賭   貝     gamble   ト、か-ける to, ka-keru    Strokes: 16"
奴   女,奴   女     guy   ド do    Strokes: 5
怒   心,"怒   心     angry   ド、いか-る、おこ-る do, ika-ru, oko-ru    Strokes: 9"
到   刀,到   刀     arrival   トウ tō    Strokes: 8
逃   辵,"逃   辵     escape   トウ、に-げる、に-がす、のが-す、のが-れる tō, ni-geru, ni-gasu, noga-su, noga-reru    Strokes: 9"
倒   人,"倒   人     overthrow   トウ、たお-れる、たお-す tō, tao-reru, tao-su    Strokes: 10"
凍   冫,"凍   冫     frozen   トウ、こお-る、こご-える tō, koo-ru, kogo-eru    Strokes: 10"
唐   口,"唐   口     T'ang   トウ、から tō, kara    Strokes: 10"
桃   木,"桃   木     peach tree   トウ、もも tō, momo    Strokes: 10"
透   辵,"透   辵     transparent   トウ、す-く、す-かす、す-ける tō, su-ku, su-kasu, su-keru    Strokes: 10"
悼   心,"悼   心     lament   トウ、いた-む tō, ita-mu    Strokes: 11"
盗   皿,"盗   皿     steal   トウ、ぬす-む tō, nusu-mu    Strokes: 11"
陶   阜,陶   阜     pottery   トウ tō    Strokes: 11
塔   土,塔   土     pagoda   トウ tō    Strokes: 12
搭   手,搭   手     board   トウ tō    Strokes: 12
棟   木,"棟   木     ridgepole   トウ、むね、（むな） tō, mune, (muna)    Strokes: 12"
痘   疒,痘   疒     pox   トウ tō    Strokes: 12
筒   竹,"筒   竹     cylinder   トウ、つつ tō, tsutsu    Strokes: 12"
稲   禾,"稲   禾     rice plant   トウ、いね、（いな） tō, ine, (ina)    Strokes: 14"
踏   足,"踏   足     step   トウ、ふ-む、ふ-まえる tō, fu-mu, fu-maeru    Strokes: 15"
謄   言,謄   言     mimeograph   トウ tō    Strokes: 17
藤   艸,"藤   艸     wisteria   トウ、ふじ tō, fuji    Strokes: 18"
闘   鬥,"闘   鬥     fight   トウ、たたか-う tō, tataka-u    Strokes: 18"
騰   馬,騰   馬     inflation   トウ tō    Strokes: 20
洞   水,"洞   水     den   ドウ、ほら dō, hora    Strokes: 9"
胴   肉,胴   肉     trunk   ドウ dō    Strokes: 10
瞳   目,"瞳   目     pupil   ドウ、ひとみ dō, hitomi    Strokes: 17"
峠   山,峠   山     mountain peak   とうげ tōge    Strokes: 9
匿   匸,匿   匸     hide   トク toku    Strokes: 10
督   目,督   目     coach   トク toku    Strokes: 13
篤   竹,篤   竹     fervent   トク toku    Strokes: 16
栃   木,栃   木     horse chestnut   （とち）[6] (tochi)    Strokes: 9
凸   凵,凸   凵     convex   トツ totsu    Strokes: 5
突   穴,"突   穴     stab   トツ、つ-く totsu, tsu-ku    Strokes: 8"
屯   屮,屯   屮     barracks   トン ton    Strokes: 4
豚   豕,"豚   豕     pork   トン、ぶた ton, buta    Strokes: 11"
頓   頁,頓   頁     suddenly   トン ton    Strokes: 13
貪   貝,"貪   貝     covet   ドン、むさぼ-る don, musabo-ru    Strokes: 11"
鈍   金,"鈍   金     dull   ドン、にぶ-い、にぶ-る don, nibu-i, nibu-ru    Strokes: 12"
曇   日,"曇   日     cloudy weather   ドン、くも-る don, kumo-ru    Strokes: 16"
丼   丶,"丼   丶     bowl of food   どんぶり、（どん） donburi, (don)    Strokes: 5"
那   邑,那   邑     what   ナ na    Strokes: 7
奈   大,奈   大     what   ナ na    Strokes: 8
梨   木,梨   木     pear tree   なし nashi    Strokes: 11
謎   言,謎   言     riddle   なぞ nazo    Strokes: 17
鍋   金,鍋   金     pot   なべ nabe    Strokes: 17
軟   車,"軟   車     soft   ナン、やわ-らか、やわ-らかい nan, yawa-raka, yawa-rakai    Strokes: 11"
尼   尸,"尼   尸     nun   ニ、あま ni, ama    Strokes: 5"
弐   貝,弐   貝     two (falsification prevention)   ニ ni    Strokes: 6
匂   勹,匂   勹     scent   にお-う nio-u    Strokes: 4
虹   虫,虹   虫     rainbow   にじ niji    Strokes: 9
尿   尸,尿   尸     urine   ニョウ nyō    Strokes: 7
妊   女,妊   女     pregnancy   ニン nin    Strokes: 7
忍   心,"忍   心     endure   ニン、しの-ぶ、しの-ばせる nin, shino-bu, shino-baseru    Strokes: 7"
寧   宀,寧   宀     rather   ネイ nei    Strokes: 14
捻   手,"捻   手     twist   ネン、ひね-る nen, hine-ru    Strokes: 11"
粘   米,"粘   米     sticky   ネン、ねば-る nen, neba-ru    Strokes: 11"
悩   心,"悩   心     trouble   ノウ、なや-む、なや-ます nō, naya-mu, naya-masu    Strokes: 10"
濃   水,"濃   水     concentrated   ノウ、こ-い nō, ko-i    Strokes: 16"
把   手,把   手     grasp   ハ ha    Strokes: 7
覇   雨,覇   雨     hegemony   ハ ha    Strokes: 19
婆   女,婆   女     old woman   バ ba    Strokes: 11
罵   网,"罵   网     insult   バ、ののし-る ba, nonoshi-ru    Strokes: 15"
杯   木,"杯   木     counter for cupfuls   ハイ、さかずき hai, sakazuki    Strokes: 8"
排   手,排   手     repudiate   ハイ hai    Strokes: 11
廃   广,"廃   广     abolish   ハイ、すた-れる、すた-る hai, suta-reru, suta-ru    Strokes: 12"
輩   車,輩   車     comrade   ハイ hai    Strokes: 15
培   土,"培   土     cultivate   バイ、つちか-う bai, tsuchika-u    Strokes: 11"
陪   阜,陪   阜     obeisance   バイ bai    Strokes: 11
媒   女,媒   女     mediator   バイ bai    Strokes: 12
賠   貝,賠   貝     compensation   バイ bai    Strokes: 15
伯   人,伯   人     chief   ハク haku    Strokes: 7
拍   手,"拍   手     clap   ハク、（ヒョウ） haku, (hyō)    Strokes: 8"
泊   水,"泊   水     overnight   ハク、と-まる、と-める haku, to-maru, to-meru    Strokes: 8"
迫   辵,"迫   辵     urge   ハク、せま-る haku, sema-ru    Strokes: 8"
剝   刀,"剝   刀     peel   ハク、は-がす、は-ぐ、は-がれる、は-げる haku, ha-gasu, ha-gu, ha-gareru, ha-geru    Strokes: 10"
舶   舟,舶   舟     liner   ハク haku    Strokes: 11
薄   艸,"薄   艸     dilute   ハク、うす-い、うす-める、うす-まる、うす-らぐ、うす-れる haku, usu-i, usu-meru, usu-maru, usu-ragu, usu-reru    Strokes: 16"
漠   水,漠   水     vague   バク baku    Strokes: 13
縛   糸,"縛   糸     truss   バク、しば-る baku, shiba-ru    Strokes: 16"
爆   火,爆   火     explode   バク baku    Strokes: 19
箸   竹,箸   竹     chopsticks   はし hashi    Strokes: 15
肌   肉,肌   肉     texture   はだ hada    Strokes: 6
鉢   金,"鉢   金     bowl   ハチ、（ハツ） hachi, (hatsu)    Strokes: 13"
髪   髟,"髪   髟     hair of the head   ハツ、かみ hatsu, kami    Strokes: 14"
伐   人,伐   人     fell   バツ batsu    Strokes: 6
抜   手,"抜   手     slip out   バツ、ぬ-く、ぬ-ける、ぬ-かす、ぬ-かる batsu, nu-ku, nu-keru, nu-kasu, nu-karu    Strokes: 7"
罰   网,"罰   网     penalty   バツ、バチ batsu, bachi    Strokes: 14"
閥   門,閥   門     clique   バツ batsu    Strokes: 14
氾   水,氾   水     spread out   ハン han    Strokes: 5
帆   巾,"帆   巾     sail   ハン、ほ han, ho    Strokes: 6"
汎   水,汎   水     pan-   ハン han    Strokes: 6
伴   人,"伴   人     consort   ハン、バン、ともな-う han, ban, tomona-u    Strokes: 7"
阪   阜,阪   阜     heights   ハン han    Strokes: 7
畔   田,畔   田     paddy-ridge   ハン han    Strokes: 10
般   舟,般   舟     generally   ハン han    Strokes: 10
販   貝,販   貝     marketing   ハン han    Strokes: 11
斑   文,斑   文     blemish   ハン han    Strokes: 12
搬   手,搬   手     conveyor   ハン han    Strokes: 13
煩   火,"煩   火     anxiety   ハン、（ボン）、わずら-う、わずら-わす han, (bon), wazura-u, wazura-wasu    Strokes: 13"
頒   頁,頒   頁     partition   ハン han    Strokes: 13
範   竹,範   竹     pattern   ハン han    Strokes: 15
繁   糸,繁   糸     luxuriant   ハン han    Strokes: 16
藩   艸,藩   艸     clan   ハン han    Strokes: 18
蛮   虫,蛮   虫     barbarian   バン ban    Strokes: 12
盤   皿,盤   皿     tray   バン ban    Strokes: 15
妃   女,妃   女     queen   ヒ hi    Strokes: 6
彼   彳,"彼   彳     he   ヒ、かれ、（かの） hi, kare, (kano)    Strokes: 8"
披   手,披   手     expose   ヒ hi    Strokes: 8
卑   十,"卑   十     lowly   ヒ、いや-しい、いや-しむ、いや-しめる hi, iya-shii, iya-shimu, iya-shimeru    Strokes: 9"
疲   疒,"疲   疒     exhausted   ヒ、つか-れる hi, tsuka-reru    Strokes: 10"
被   衣,"被   衣     incur   ヒ、こうむ-る hi, kōmu-ru    Strokes: 10"
扉   戶,"扉   戶     front door   ヒ、とびら hi, tobira    Strokes: 12"
碑   石,碑   石     tombstone   ヒ hi    Strokes: 14
罷   网,罷   网     quit   ヒ hi    Strokes: 15
避   辵,"避   辵     evade   ヒ、さ-ける hi, sa-keru    Strokes: 16"
尾   尸,"尾   尸     tail   ビ、お bi, o    Strokes: 7"
眉   目,"眉   目     eyebrow   ビ、（ミ）、まゆ bi, (mi), mayu    Strokes: 9"
微   彳,微   彳     delicate   ビ bi    Strokes: 13
膝   肉,膝   肉     knee   ひざ hiza    Strokes: 15
肘   肉,肘   肉     elbow   ひじ hiji    Strokes: 7
匹   匸,"匹   匸     equal   ヒツ、ひき hitsu, hiki    Strokes: 4"
泌   水,"泌   水     ooze   ヒツ、ヒ hitsu, hi    Strokes: 8"
姫   女,姫   女     princess   ひめ hime    Strokes: 10
漂   水,"漂   水     drift   ヒョウ、ただよ-う hyō, tadayo-u    Strokes: 14"
苗   艸,"苗   艸     seedling   ビョウ、なえ、（なわ） byō, nae, (nawa)    Strokes: 8"
描   手,"描   手     sketch   ビョウ、えが-く、か-く byō, ega-ku, ka-ku    Strokes: 11"
猫   犬,"猫   犬     cat   ビョウ、ねこ byō, neko    Strokes: 11"
浜   水,"浜   水     seacoast   ヒン、はま hin, hama    Strokes: 10"
賓   貝,賓   貝     V.I.P.   ヒン hin    Strokes: 15
頻   頁,頻   頁     repeatedly   ヒン hin    Strokes: 17
敏   攴,敏   攴     cleverness   ビン bin    Strokes: 10
瓶   瓦,瓶   瓦     flower pot   ビン bin    Strokes: 11
扶   手,扶   手     aid   フ fu    Strokes: 7
怖   心,"怖   心     dreadful   フ、こわ-い fu, kowa-i    Strokes: 8"
阜   阜,阜   阜     mound   （フ）[6] (fu)    Strokes: 8
附   阜,附   阜     affixed   フ fu    Strokes: 8
訃   言,訃   言     obituary   フ fu    Strokes: 9
赴   走,"赴   走     proceed   フ、おもむ-く fu, omomu-ku    Strokes: 9"
浮   水,"浮   水     floating   フ、う-く、う-かれる、う-かぶ、う-かべる fu, u-ku, u-kareru, u-kabu, u-kaberu    Strokes: 10"
符   竹,符   竹     token   フ fu    Strokes: 11
普   日,普   日     universal   フ fu    Strokes: 12
腐   肉,"腐   肉     rot   フ、くさ-る、くさ-れる、くさ-らす fu, kusa-ru, kusa-reru, kusa-rasu    Strokes: 14"
敷   攴,"敷   攴     spread   フ、し-く fu, shi-ku    Strokes: 15"
膚   肉,膚   肉     skin   フ fu    Strokes: 15
賦   貝,賦   貝     levy   フ fu    Strokes: 15
譜   言,譜   言     musical score   フ fu    Strokes: 19
侮   人,"侮   人     scorn   ブ、あなど-る bu, anado-ru    Strokes: 8"
舞   舛,"舞   舛     dance   ブ、ま-う、まい bu, ma-u, mai    Strokes: 15"
封   寸,"封   寸     seal   フウ、ホウ fū, hō    Strokes: 9"
伏   人,"伏   人     prostrated   フク、ふ-せる、ふ-す fuku, fu-seru, fu-su    Strokes: 6"
幅   巾,"幅   巾     breadth   フク、はば fuku, haba    Strokes: 12"
覆   襾,"覆   襾     capsize   フク、おお-う、くつがえ-す、くつがえ-る fuku, oo-u, kutsugae-su, kutsugae-ru    Strokes: 18"
払   手,"払   手     pay   フツ、はら-う futsu, hara-u    Strokes: 5"
沸   水,"沸   水     seethe   フツ、わ-く、わ-かす futsu, wa-ku, wa-kasu    Strokes: 8"
紛   糸,"紛   糸     distract   フン、まぎ-れる、まぎ-らす、まぎ-らわす、まぎ-らわしい fun, magi-reru, magi-rasu, magi-rawasu, magi-rawashii    Strokes: 10"
雰   雨,雰   雨     atmosphere   フン fun    Strokes: 12
噴   口,"噴   口     erupt   フン、ふ-く fun, fu-ku    Strokes: 15"
墳   土,墳   土     tomb   フン fun    Strokes: 15
憤   心,"憤   心     aroused   フン、いきどお-る fun, ikidoo-ru    Strokes: 15"
丙   一,丙   一     third class   ヘイ hei    Strokes: 5
併   人,"併   人     join   ヘイ、あわ-せる hei, awa-seru    Strokes: 8"
柄   木,"柄   木     design   ヘイ、がら、え hei, gara, e    Strokes: 9"
塀   土,塀   土     fence   ヘイ hei    Strokes: 12
幣   巾,幣   巾     cash   ヘイ hei    Strokes: 15
弊   廾,弊   廾     abuse   ヘイ hei    Strokes: 15
蔽   艸,蔽   艸     cover   ヘイ hei    Strokes: 15
餅   食,"餅   食     mochi rice cake   ヘイ、もち hei, mochi    Strokes: 15"
壁   土,"壁   土     wall   ヘキ、かべ heki, kabe    Strokes: 16"
璧   玉,璧   玉     sphere   ヘキ heki    Strokes: 18
癖   疒,"癖   疒     mannerism   ヘキ、くせ heki, kuse    Strokes: 18"
蔑   艸,"蔑   艸     ignore   ベツ、さげす-む betsu, sagesu-mu    Strokes: 14"
偏   人,"偏   人     partial   ヘン、かたよ-る hen, katayo-ru    Strokes: 11"
遍   辵,遍   辵     everywhere   ヘン hen    Strokes: 12
哺   口,哺   口     suckle   ホ ho    Strokes: 10
捕   手,"捕   手     catch   ホ、と-らえる、と-らわれる、と-る、つか-まえる、つか-まる ho, to-raeru, to-rawareru, to-ru, tsuka-maeru, tsuka-maru    Strokes: 10"
舗   舌,舗   舌     pavement   ホ ho    Strokes: 15
募   力,"募   力     recruit   ボ、つの-る bo, tsuno-ru    Strokes: 12"
慕   心,"慕   心     pining   ボ、した-う bo, shita-u    Strokes: 14"
簿   竹,簿   竹     register   ボ bo    Strokes: 19
芳   艸,"芳   艸     perfume   ホウ、かんば-しい hō, kanba-shii    Strokes: 7"
邦   邑,邦   邑     home country   ホウ hō    Strokes: 7
奉   大,"奉   大     observance   ホウ、（ブ）、たてまつ-る hō, (bu), tatematsu-ru    Strokes: 8"
抱   手,"抱   手     embrace   ホウ、だ-く、いだ-く、かか-える hō, da-ku, ida-ku, kaka-eru    Strokes: 8"
泡   水,"泡   水     bubbles   ホウ、あわ hō, awa    Strokes: 8"
胞   肉,胞   肉     placenta   ホウ hō    Strokes: 9
俸   人,俸   人     salary   ホウ hō    Strokes: 10
倣   人,"倣   人     emulate   ホウ、なら-う hō, nara-u    Strokes: 10"
峰   山,"峰   山     summit   ホウ、みね hō, mine    Strokes: 10"
砲   石,砲   石     cannon   ホウ hō    Strokes: 10
崩   山,"崩   山     crumble   ホウ、くず-れる、くず-す hō, kuzu-reru, kuzu-su    Strokes: 11"
蜂   虫,"蜂   虫     bee   ホウ、はち hō, hachi    Strokes: 13"
飽   食,"飽   食     sated   ホウ、あ-きる、あ-かす hō, a-kiru, a-kasu    Strokes: 13"
褒   衣,"褒   衣     praise   ホウ、ほ-める hō, ho-meru    Strokes: 15"
縫   糸,"縫   糸     sew   ホウ、ぬ-う hō, nu-u    Strokes: 16"
乏   丿,"乏   丿     scarce   ボウ、とぼ-しい bō, tobo-shii    Strokes: 4"
忙   心,"忙   心     busy   ボウ、いそが-しい bō, isoga-shii    Strokes: 6"
坊   土,"坊   土     boy   ボウ、（ボッ） bō, (bo')    Strokes: 7"
妨   女,"妨   女     disturb   ボウ、さまた-げる bō, samata-geru    Strokes: 7"
房   戶,"房   戶     tassel   ボウ、ふさ bō, fusa    Strokes: 8"
肪   肉,肪   肉     obese   ボウ bō    Strokes: 8
某   木,某   木     so-and-so   ボウ bō    Strokes: 9
冒   冂,"冒   冂     risk   ボウ、おか-す bō, oka-su    Strokes: 9"
剖   刀,剖   刀     divide   ボウ bō    Strokes: 10
紡   糸,"紡   糸     spinning   ボウ、つむ-ぐ bō, tsumu-gu    Strokes: 10"
傍   人,"傍   人     bystander   ボウ、かたわ-ら bō, katawa-ra    Strokes: 12"
帽   巾,帽   巾     cap   ボウ bō    Strokes: 12
貌   豸,貌   豸     appearance   ボウ bō    Strokes: 14
膨   肉,"膨   肉     swell   ボウ、ふく-らむ、ふく-れる bō, fuku-ramu, fuku-reru    Strokes: 16"
謀   言,"謀   言     conspire   ボウ、（ム）、はか-る bō, (mu), haka-ru    Strokes: 16"
頰   頁,頰   頁     cheek   ほお hoo    Strokes: 16
朴   木,朴   木     crude   ボク boku    Strokes: 6
睦   目,睦   目     harmonious   ボク boku    Strokes: 13
僕   人,僕   人     me   ボク boku    Strokes: 14
墨   土,"墨   土     black ink   ボク、すみ boku, sumi    Strokes: 14"
撲   手,撲   手     slap   ボク boku    Strokes: 15
没   水,没   水     drown   ボツ botsu    Strokes: 7
勃   力,勃   力     rise   ボツ botsu    Strokes: 9
堀   土,堀   土     ditch   ほり hori    Strokes: 11
奔   大,奔   大     bustle   ホン hon    Strokes: 8
翻   飛,"翻   飛     flip   ホン、ひるがえ-る、ひるがえ-す hon, hirugae-ru, hirugae-su    Strokes: 18"
凡   几,"凡   几     mediocre   ボン、（ハン） bon, (han)    Strokes: 3"
盆   皿,盆   皿     basin   ボン bon    Strokes: 9
麻   麻,"麻   麻     hemp   マ、あさ ma, asa    Strokes: 11"
摩   手,摩   手     chafe   マ ma    Strokes: 15
磨   石,"磨   石     grind   マ、みが-く ma, miga-ku    Strokes: 16"
魔   鬼,魔   鬼     witch   マ ma    Strokes: 21
昧   日,昧   日     foolish   マイ mai    Strokes: 9
埋   土,"埋   土     bury   マイ、う-める、う-まる、う-もれる mai, u-meru, u-maru, u-moreru    Strokes: 10"
膜   肉,膜   肉     membrane   マク maku    Strokes: 14
枕   木,枕   木     pillow   まくら makura    Strokes: 8
又   又,又   又     or again   また mata    Strokes: 2
抹   手,抹   手     rub   マツ matsu    Strokes: 8
慢   心,慢   心     ridicule   マン man    Strokes: 14
漫   水,漫   水     cartoon   マン man    Strokes: 14
魅   鬼,魅   鬼     fascination   ミ mi    Strokes: 15
岬   山,岬   山     headland   みさき misaki    Strokes: 8
蜜   虫,蜜   虫     honey   ミツ mitsu    Strokes: 14
妙   女,妙   女     exquisite   ミョウ myō    Strokes: 7
眠   目,"眠   目     sleep   ミン、ねむ-る、ねむ-い min, nemu-ru, nemu-i    Strokes: 10"
矛   矛,"矛   矛     halberd   ム、ほこ mu, hoko    Strokes: 5"
霧   雨,"霧   雨     fog   ム、きり mu, kiri    Strokes: 19"
娘   女,娘   女     daughter   むすめ musume    Strokes: 10
冥   冖,"冥   冖     dark   メイ、ミョウ mei, myō    Strokes: 10"
銘   金,銘   金     inscription   メイ mei    Strokes: 14
滅   水,"滅   水     destroy   メツ、ほろ-びる、ほろ-ぼす metsu, horo-biru, horo-bosu    Strokes: 13"
免   儿,"免   儿     excuse   メン、まぬか-れる men, manuka-reru    Strokes: 8"
麺   麥,麺   麥     noodles   メン men    Strokes: 16
茂   艸,"茂   艸     overgrown   モ、しげ-る mo, shige-ru    Strokes: 8"
妄   女,"妄   女     delusion   モウ、ボウ mō, bō    Strokes: 6"
盲   目,盲   目     blind   モウ mō    Strokes: 8
耗   耒,"耗   耒     decrease   モウ、（コウ） mō, (kō)    Strokes: 10"
猛   犬,猛   犬     fierce   モウ mō    Strokes: 11
網   糸,"網   糸     netting   モウ、あみ mō, ami    Strokes: 14"
黙   黑,"黙   黑     silence   モク、だま-る moku, dama-ru    Strokes: 15"
紋   糸,紋   糸     family crest   モン mon    Strokes: 10
冶   冫,冶   冫     melting   ヤ ya    Strokes: 7
弥   弓,弥   弓     all the more   や ya    Strokes: 8
厄   厂,厄   厂     unlucky   ヤク yaku    Strokes: 4
躍   足,"躍   足     leap   ヤク、おど-る yaku, odo-ru    Strokes: 21"
闇   門,闇   門     darkness   やみ yami    Strokes: 17
喩   口,喩   口     metaphor   ユ yu    Strokes: 12
愉   心,愉   心     pleasure   ユ yu    Strokes: 12
諭   言,"諭   言     rebuke   ユ、さと-す yu, sato-su    Strokes: 16"
癒   疒,"癒   疒     healing   ユ、い-える、い-やす yu, i-eru, i-yasu    Strokes: 18"
唯   口,"唯   口     solely   ユイ、（イ） yui, (i)    Strokes: 11"
幽   幺,幽   幺     seclude   ユウ yū    Strokes: 9
悠   心,悠   心     permanence   ユウ yū    Strokes: 11
湧   水,"湧   水     boil   ユウ、わ-く yū, wa-ku    Strokes: 12"
猶   犬,猶   犬     furthermore   ユウ yū    Strokes: 12
裕   衣,裕   衣     abundant   ユウ yū    Strokes: 12
雄   隹,"雄   隹     male   ユウ、お、おす yū, o, osu    Strokes: 12"
誘   言,"誘   言     entice   ユウ、さそ-う yū, saso-u    Strokes: 14"
憂   心,"憂   心     melancholy   ユウ、うれ-える、うれ-い、う-い yū, ure-eru, ure-i, u-i    Strokes: 15"
融   虫,融   虫     dissolve   ユウ yū    Strokes: 16
与   臼,"与   臼     give   ヨ、あた-える yo, ata-eru    Strokes: 3"
誉   言,"誉   言     reputation   ヨ、ほま-れ yo, homa-re    Strokes: 13"
妖   女,"妖   女     bewitching   ヨウ、あや-しい yō, aya-shii    Strokes: 7"
庸   广,庸   广     commonplace   ヨウ yō    Strokes: 11
揚   手,"揚   手     hoist   ヨウ、あ-げる、あ-がる yō, a-geru, a-garu    Strokes: 12"
揺   手,"揺   手     swing   ヨウ、ゆ-れる、ゆ-る、ゆ-らぐ、ゆ-るぐ、ゆ-する、ゆ-さぶる、ゆ-すぶる yō, yu-reru, yu-ru, yu-ragu, yu-rugu, yu-suru, yu-saburu, yu-suburu    Strokes: 12"
溶   水,"溶   水     melt   ヨウ、と-ける、と-かす、と-く yō, to-keru, to-kasu, to-ku    Strokes: 13"
腰   肉,"腰   肉     loins   ヨウ、こし yō, koshi    Strokes: 13"
瘍   疒,瘍   疒     boil (medical)   ヨウ yō    Strokes: 14
踊   足,"踊   足     jump   ヨウ、おど-る、おど-り yō, odo-ru, odo-ri    Strokes: 14"
窯   穴,"窯   穴     kiln   ヨウ、かま yō, kama    Strokes: 15"
擁   手,擁   手     embrace   ヨウ yō    Strokes: 16
謡   言,"謡   言     noh chanting   ヨウ、うたい、うた-う yō, utai, uta-u    Strokes: 16"
抑   手,"抑   手     repress   ヨク、おさ-える yoku, osa-eru    Strokes: 7"
沃   水,沃   水     fertility   ヨク yoku    Strokes: 7
翼   羽,"翼   羽     wing   ヨク、つばさ yoku, tsubasa    Strokes: 17"
拉   手,拉   手     crush   ラ ra    Strokes: 8
裸   衣,"裸   衣     naked   ラ、はだか ra, hadaka    Strokes: 13"
羅   网,羅   网     gauze   ラ ra    Strokes: 19
雷   雨,"雷   雨     thunder   ライ、かみなり rai, kaminari    Strokes: 13"
頼   貝,"頼   貝     trust   ライ、たの-む、たの-もしい、たよ-る rai, tano-mu, tano-moshii, tayo-ru    Strokes: 16"
絡   糸,"絡   糸     entwine   ラク、から-む、から-まる、から-める raku, kara-mu, kara-maru, kara-meru    Strokes: 12"
酪   酉,酪   酉     dairy products   ラク raku    Strokes: 13
辣   辛,辣   辛     bitter   ラツ ratsu    Strokes: 14
濫   水,濫   水     excessive   ラン ran    Strokes: 18
藍   艸,"藍   艸     indigo   ラン、あい ran, ai    Strokes: 18"
欄   木,欄   木     column   ラン ran    Strokes: 20
吏   口,吏   口     officer   リ ri    Strokes: 6
痢   疒,痢   疒     diarrhea   リ ri    Strokes: 12
履   尸,"履   尸     footgear   リ、は-く ri, ha-ku    Strokes: 15"
璃   玉,璃   玉     glassy   リ ri    Strokes: 15
離   隹,"離   隹     detach   リ、はな-れる、はな-す ri, hana-reru, hana-su    Strokes: 19"
慄   心,慄   心     fear   リツ ritsu    Strokes: 13
柳   木,"柳   木     willow   リュウ、やなぎ ryū, yanagi    Strokes: 9"
竜   龍,"竜   龍     dragon   リュウ、たつ ryū, tatsu    Strokes: 10"
粒   米,"粒   米     grains   リュウ、つぶ ryū, tsubu    Strokes: 11"
隆   阜,隆   阜     hump   リュウ ryū    Strokes: 11
硫   石,硫   石     sulphur   リュウ ryū    Strokes: 12
侶   人,侶   人     companion   リョ ryo    Strokes: 9
虜   虍,虜   虍     captive   リョ ryo    Strokes: 13
慮   心,慮   心     prudence   リョ ryo    Strokes: 15
了   亅,了   亅     finish   リョウ ryō    Strokes: 2
涼   水,"涼   水     refreshing   リョウ、すず-しい、すず-む ryō, suzu-shii, suzu-mu    Strokes: 11"
猟   犬,猟   犬     game-hunting   リョウ ryō    Strokes: 11
陵   阜,"陵   阜     mausoleum   リョウ、みささぎ ryō, misasagi    Strokes: 11"
僚   人,僚   人     colleague   リョウ ryō    Strokes: 14
寮   宀,寮   宀     dormitory   リョウ ryō    Strokes: 15
療   疒,療   疒     heal   リョウ ryō    Strokes: 17
瞭   目,瞭   目     clear   リョウ ryō    Strokes: 17
糧   米,"糧   米     provisions   リョウ、（ロウ）、かて ryō, (rō), kate    Strokes: 18"
厘   厂,厘   厂     thousandth   リン rin    Strokes: 9
倫   人,倫   人     ethics   リン rin    Strokes: 10
隣   阜,"隣   阜     neighboring   リン、とな-る、となり rin, tona-ru, tonari    Strokes: 16"
瑠   玉,瑠   玉     lapis lazuli   ル ru    Strokes: 14
涙   水,"涙   水     tears   ルイ、なみだ rui, namida    Strokes: 10"
累   糸,累   糸     accumulate   ルイ rui    Strokes: 11
塁   土,塁   土     bases   ルイ rui    Strokes: 12
励   力,"励   力     encourage   レイ、はげ-む、はげ-ます rei, hage-mu, hage-masu    Strokes: 7"
戻   戶,"戻   戶     re-   レイ、もど-す、もど-る rei, modo-su, modo-ru    Strokes: 7"
鈴   金,"鈴   金     small bell   レイ、リン、すず rei, rin, suzu    Strokes: 13"
零   雨,零   雨     zero   レイ rei    Strokes: 13
霊   雨,"霊   雨     spirits   レイ、リョウ、たま rei, ryō, tama    Strokes: 15"
隷   隶,隷   隶     slave   レイ rei    Strokes: 16
齢   齒,齢   齒     age   レイ rei    Strokes: 17
麗   鹿,"麗   鹿     lovely   レイ、うるわ-しい rei, uruwa-shii    Strokes: 19"
暦   日,"暦   日     calendar   レキ、こよみ reki, koyomi    Strokes: 14"
劣   力,"劣   力     inferiority   レツ、おと-る retsu, oto-ru    Strokes: 6"
烈   火,烈   火     ardent   レツ retsu    Strokes: 10
裂   衣,"裂   衣     split   レツ、さ-く、さ-ける retsu, sa-ku, sa-keru    Strokes: 12"
恋   心,"恋   心     romance   レン、こ-う、こい、こい-しい ren, ko-u, koi, koi-shii    Strokes: 10"
廉   广,廉   广     bargain   レン ren    Strokes: 13
錬   金,錬   金     tempering   レン ren    Strokes: 16
呂   口,呂   口     spine   ロ ro    Strokes: 7
炉   火,炉   火     hearth   ロ ro    Strokes: 8
賂   貝,賂   貝     bribe   ロ ro    Strokes: 13
露   雨,"露   雨     dew   ロ、（ロウ）、つゆ ro, (rō), tsuyu    Strokes: 21"
弄   廾,"弄   廾     tamper with   ロウ、もてあそ-ぶ rō, moteaso-bu    Strokes: 7"
郎   邑,郎   邑     son   ロウ rō    Strokes: 9
浪   水,浪   水     wandering   ロウ rō    Strokes: 10
廊   广,廊   广     corridor   ロウ rō    Strokes: 12
楼   木,楼   木     watchtower   ロウ rō    Strokes: 13
漏   水,"漏   水     leak   ロウ、も-る、も-れる、も-らす rō, mo-ru, mo-reru, mo-rasu    Strokes: 14"
籠   竹,"籠   竹     basket   ロウ、かご、こ-もる rō, kago, ko-moru    Strokes: 22"
麓   鹿,"麓   鹿     foot of a mountain   ロク、ふもと roku, fumoto    Strokes: 19"
賄   貝,"賄   貝     bribe   ワイ、まかな-う wai, makana-u    Strokes: 13"
脇   肉,脇   肉     aside   わき waki    Strokes: 10
惑   心,"惑   心     beguile   ワク、まど-う waku, mado-u    Strokes: 12"
枠   木,枠   木     frame   わく waku    Strokes: 8
湾   水,湾   水     gulf   ワン wan    Strokes: 12
腕   肉,"腕   肉     arm   ワン、うで wan, ude    Strokes: 12"
